Battle Beginning Year,Battle End Year,Battle Initiator,Battle Target,Battle Name,Identification Number,Starting point current name,Old Name,N,E,Ending point current name,Old Name,N,E,"Main route (yes=1, no=0)",Multiple routes,Enermy's route,"Interior (yes =1, no=0)",,,
236BC,234BC,秦,赵,秦第一次攻赵,1,山西省晋城市,上党,35.4998345,112.867333,山西省长治市黎城县,阙与,36.61936761,113.3968516,1,1,0,1,,,
236BC,234BC,秦,赵,秦第一次攻赵,1,山西省晋城市,上党,35.4998345,112.867333,山西省晋中市左权县,轑阳,37.03279459,113.4745379,1,2,0,1,,,
236BC,234BC,秦,赵,秦第一次攻赵,1,河南省沁阳市,南阳,35.133826,112.888305,河南省安阳市,安阳,36.11026672,114.3518065,1,3,0,1,,,
232BC,232BC,秦,赵,秦第二次攻赵,2,山西太原市,太原郡,37.8902771,112.550864,河北省井陉县,井陉,38.00089082,114.0779521,1,1,0,1,,,
232BC,232BC,秦,赵,秦第二次攻赵,2,河北省井陉县,井陉,38.0008908,114.077952,河北省平山县,番吾,38.40876219,113.8724285,1,1,0,1,,,
232BC,232BC,秦,赵,秦第二次攻赵,2,河南省安阳市,安阳,36.1102667,114.351807,河北临漳县,邺,36.26614195,114.5869442,1,2,0,1,,,
229BC,228BC,秦,赵,秦第三次攻赵,3,河北省井陉县,井陉,38.0008908,114.077952,河北省邢台市,信都,37.0695312,114.5204868,1,1,0,1,,,
229BC,228BC,秦,赵,秦第三次攻赵,3,河北省邢台市,信都,37.0695312,114.520487,河北省邯郸市,邯郸,36.60930793,114.4826939,1,1,0,1,,,
229BC,228BC,秦,赵,秦第三次攻赵,3,河北临漳县,邺,36.2661419,114.586944,河北省成安县,宜安,36.42815065,114.7047747,1,2,0,1,,,
229BC,228BC,秦,赵,秦第三次攻赵,3,河北省成安县,宜安,36.4281506,114.704775,河北省邯郸市肥乡区,肥下,36.58590035,114.8346786,1,2,0,1,,,
229BC,228BC,秦,赵,秦第三次攻赵,3,河北省邯郸市肥乡区,肥下,36.5859003,114.834679,河北省邯郸市,邯郸,36.60930793,114.4826939,1,2,0,1,,,
227BC,227BC,秦,燕,秦灭燕,4,河北省定州市,中山,38.4658392,115.057407,北京市大兴区,蓟,39.65279012,116.4251946,1,1,0,1,,,
227BC,227BC,秦,燕,秦灭燕,4,北京市大兴区,蓟,39.6527901,116.425195,内蒙古宁城县,右北平,41.57104087,118.9054994,1,2,0,1,,,
227BC,227BC,秦,燕,秦灭燕,4,内蒙古宁城县,右北平,41.5710409,118.905499,辽宁省葫芦岛市绥中县万家镇,碣石,40.05964714,119.8672567,1,2,0,1,,,
227BC,227BC,秦,燕,秦灭燕,4,辽宁省葫芦岛市绥中县万家镇,碣石,40.0596471,119.867257,辽宁省辽阳市,辽东,41.27333927,123.1724512,1,2,0,1,,,
225BC,225BC,秦,魏,秦灭魏,5,北京市大兴区,蓟,39.6527901,116.425195,河北省高邑县,高邑,37.62265087,114.6073847,1,1,0,1,,,
225BC,225BC,秦,魏,秦灭魏,5,河北省高邑县,高邑,37.6226509,114.607385,河北省邯郸市,邯郸,36.60930793,114.4826939,1,1,0,1,,,
225BC,225BC,秦,魏,秦灭魏,5,河北省邯郸市,邯郸,36.6093079,114.482694,河南省开封市,大梁,34.80185418,114.3516421,1,1,0,1,,,
225BC,225BC,秦,楚,秦灭楚（李信）,6,河南省禹州市,颍川郡,34.2003076,113.392694,河南省淮阳县,陈邑,33.70994665,114.9020182,1,1,0,1,,,
225BC,225BC,秦,楚,秦灭楚（李信）,6,河南省淮阳县,陈邑,33.7099467,114.902018,河南省沈丘县,寝邑,33.29514993,115.1787182,1,1,0,1,,,
225BC,225BC,秦,楚,秦灭楚（李信）,6,安徽省颍上县,颍邑,32.6624602,116.265314,河南省沈丘县,寝邑,33.29514993,115.1787182,1,2,1,1,,,
225BC,225BC,秦,楚,秦灭楚（李信）,6,河南省禹州市,颍川郡,34.2003076,113.392694,河南省汝南县,平舆,32.92196847,114.3257758,1,3,0,1,,,
225BC,225BC,秦,楚,秦灭楚（李信）,6,河南省汝南县,平舆,32.9219685,114.325776,河南省新蔡县,蔡,32.78357427,114.9493933,1,3,0,1,,,
225BC,225BC,秦,楚,秦灭楚（李信）,6,河南省新蔡县,蔡,32.7835743,114.949393,安徽省颍上县,颍邑,32.66246022,116.2653142,1,3,0,1,,,
223BC,223BC,秦,楚,秦灭楚（王翦）,7,河南省禹州市,颍川郡,34.2003076,113.392694,河南省淮阳县,陈邑,33.70994665,114.9020182,1,1,0,1,,,
223BC,223BC,秦,楚,秦灭楚（王翦）,7,河南省禹州市,颍川郡,34.2003076,113.392694,河南省商水县,商水,33.52093272,114.5595769,1,2,0,1,,,
223BC,223BC,秦,楚,秦灭楚（王翦）,7,河南省禹州市,颍川郡,34.2003076,113.392694,河南省上蔡县,上蔡,33.30122121,114.4092386,1,3,0,1,,,
223BC,223BC,秦,楚,秦灭楚（王翦）,7,河南省禹州市,颍川郡,34.2003076,113.392694,河南省汝南县,平舆,32.92196847,114.3257758,1,4,0,1,,,
223BC,223BC,秦,楚,秦灭楚（王翦）,7,河南省商水县,商水,33.5209327,114.559577,安徽亳州市,城父,33.87121057,115.7879282,1,5,0,1,,,
223BC,223BC,秦,楚,秦灭楚（王翦）,7,安徽亳州市,城父,33.8712106,115.787928,安徽阚疃镇,房钟,33.03010521,116.3183347,1,5,0,1,,,
223BC,223BC,秦,楚,秦灭楚（王翦）,7,安徽阚疃镇,房钟,33.0301052,116.318335,安徽省淮南市寿县寿春镇,寿春,32.58253081,116.7898102,1,5,0,1,,,
215BC,215BC,秦,匈奴,蒙恬北逐匈奴,8,陕西省绥德县,上郡,37.5208613,110.396144,陕西省榆林市,榆林,38.27943924,109.7459257,1,1,0,0,,,
215BC,215BC,秦,匈奴,蒙恬北逐匈奴,8,陕西省榆林市,榆林,38.2794392,109.745926,甘肃省兰州市榆中县,渝中,35.99978504,104.2442895,1,1,0,0,,,
215BC,215BC,秦,匈奴,蒙恬北逐匈奴,8,甘肃省兰州市榆中县,渝中,35.999785,104.24429,内蒙古自治区巴彦淖尔市五原县,九原,41.04542666,108.0722841,1,1,0,0,,,
215BC,215BC,秦,匈奴,蒙恬北逐匈奴,8,甘肃庆阳市环县马岭镇,北地郡,36.224055,107.654955,宁夏回族自治区固原市,萧关,36.02152348,106.285268,1,2,0,0,,,
215BC,215BC,秦,匈奴,蒙恬北逐匈奴,8,宁夏回族自治区固原市,萧关,36.0215235,106.285268,内蒙古自治区巴彦淖尔市五原县,九原,41.04542666,108.0722841,1,2,0,0,,,
215BC,215BC,秦,匈奴,蒙恬北逐匈奴,8,内蒙古自治区巴彦淖尔市五原县,九原,41.0454267,108.072284,内蒙古杭锦后旗,高阙,40.89087078,107.0334537,1,3,0,0,,,
215BC,215BC,秦,匈奴,蒙恬北逐匈奴,8,内蒙古自治区巴彦淖尔市五原县,九原,41.0454267,108.072284,宁夏银川市,银川,38.50262101,106.2064786,1,4,0,0,,,
214BC,208BC,秦,百越,南征百越,9,江西省余干县,余干,28.6827756,116.621327,福建省福州市,闽中郡,26.0471255,119.3302211,1,1,0,0,,,
214BC,208BC,秦,百越,南征百越,9,江西省南康市,南野,25.8329435,114.712561,广州市番禺区,番禺,22.9345908,113.4167995,1,2,0,0,,,
214BC,208BC,秦,百越,南征百越,9,湖南省长沙市,长沙,28.2134782,112.979353,广州市番禺区,番禺,22.9345908,113.4167995,1,3,0,0,,,
214BC,208BC,秦,百越,南征百越,9,湖南省宁远县,九嶷山,25.6538396,111.988063,广西桂林市,桂林郡,25.26290125,110.2609201,1,4,0,0,,,
214BC,208BC,秦,百越,南征百越,9,南省靖州苗族侗族自治县,镡城,26.5504307,109.590833,广西桂林市,桂林郡,25.26290125,110.2609201,1,5,0,0,,,
214BC,208BC,秦,百越,南征百越,9,广西桂林市,桂林郡,25.2629012,110.26092,越南广治省东河市,象郡,40.58912449,110.0701414,1,6,0,0,,,
214BC,208BC,秦,百越,南征百越,9,越南广治省东河市,象郡,40.5891245,110.070141,"Hanoi, Vietnam",河内,21.0278,105.8342,1,6,0,0,,,
210BC,208BC,赵佗,瓯骆 (Ou Luo),,,,,,,,,,,,,,,,,
209BC,209BC,秦,陈胜,秦灭陈胜,10,陕西省咸阳市,咸阳,34.345373,108.707509,陕西省临潼县新丰镇,戏,34.43966579,109.2928635,1,1,0,1,,,
209BC,209BC,秦,陈胜,秦灭陈胜,10,陕西省临潼县新丰镇,戏,34.4396658,109.292863,河南省三门峡市灵宝市函谷关镇,函谷,34.63496573,110.9060538,1,1,0,1,,,
209BC,209BC,秦,陈胜,秦灭陈胜,10,河南省三门峡市灵宝市函谷关镇,函谷,34.6349657,110.906054,河南省三门峡市渑池县,渑池,34.83969143,111.8025354,1,1,0,1,,,
209BC,209BC,秦,陈胜,秦灭陈胜,10,河南省三门峡市渑池县,渑池,34.8396914,111.802535,河南省洛阳市,洛阳,34.65736782,112.4475248,1,1,0,1,,,
209BC,209BC,秦,陈胜,秦灭陈胜,10,河南省洛阳市,洛阳,34.6573678,112.447525,河南省荥阳市,荥阳,34.80617994,113.3518018,1,1,0,1,,,
209BC,209BC,秦,陈胜,秦灭陈胜,10,河南省荥阳市,荥阳,34.8061799,113.351802,河南省许昌市,许邑,34.02673959,113.8353125,1,1,0,1,,,
209BC,209BC,秦,陈胜,秦灭陈胜,10,河南省许昌市,许邑,34.0267396,113.835312,河南省淮阳县,陈,33.70994665,114.9020182,1,1,0,1,,,
208BC,208BC,秦,齐楚军,灭魏破齐楚战役,11,河南省淮阳县,陈,33.7099467,114.902018,河南省开封县陈留镇,陈留,34.68894897,114.54604,1,1,0,1,,,
208BC,208BC,秦,齐楚军,灭魏破齐楚战役,11,河南省开封县陈留镇,陈留,34.688949,114.54604,河南省濮阳市,濮阳,35.75329789,115.0266274,1,1,0,1,,,
208BC,208BC,秦,齐楚军,灭魏破齐楚战役,11,河南省濮阳市,濮阳,35.7532979,115.026627,山东省聊城市阳谷县阿城镇,东阿,36.17701144,116.0470457,1,1,0,1,,,
208BC,208BC,秦,齐楚军,灭魏破齐楚战役,11,山东省聊城市阳谷县阿城镇,东阿,36.1770114,116.047046,河南省濮阳市,濮阳,35.75329789,115.0266274,1,1,0,1,,,
208BC,208BC,秦,齐楚军,灭魏破齐楚战役,11,江苏省徐州市沛县,沛,34.7006482,116.911468,山东省济宁市任城区,亢父,35.38013474,116.5721994,1,2,1,1,,,
208BC,208BC,秦,齐楚军,灭魏破齐楚战役,11,山东省济宁市任城区,亢父,35.3801347,116.572199,山东省聊城市阳谷县阿城镇,东阿,36.17701144,116.0470457,1,2,1,1,,,
208BC,208BC,秦,齐楚军,灭魏破齐楚战役,11,山东省聊城市阳谷县阿城镇,东阿,36.1770114,116.047046,河南范县,城阳,35.80140473,115.5384008,1,2,1,1,,,
208BC,208BC,秦,齐楚军,灭魏破齐楚战役,11,河南范县,城阳,35.8014047,115.538401,河南省濮阳市,濮阳,35.75329789,115.0266274,1,2,1,1,,,
208BC,208BC,秦,齐楚军,灭魏破齐楚战役,11,河南省濮阳市,濮阳,35.7532979,115.026627,山东省菏泽市定陶区,定陶,35.11185521,115.5740357,1,2,1,1,,,
208BC,208BC,秦,齐楚军,灭魏破齐楚战役,11,山东省菏泽市定陶区,定陶,35.1118552,115.574036,河南省开封市杞县,雍丘,34.50596346,114.7687821,1,2,1,1,,,
208BC,208BC,秦,齐楚军,灭魏破齐楚战役,11,河南省开封市杞县,雍丘,34.5059635,114.768782,河南省商丘市民权县,外黄,34.69611652,115.1784141,1,2,1,1,,,
208BC,208BC,秦,齐楚军,灭魏破齐楚战役,11,河南省商丘市民权县,外黄,34.6961165,115.178414,河南省开封县陈留镇,陈留,34.68894897,114.54604,1,2,1,1,,,
208BC,208BC,秦,齐楚军,灭魏破齐楚战役,11,河南省濮阳市,濮阳,35.7532979,115.026627,山东省菏泽市定陶区,定陶,35.11185521,115.5740357,1,3,0,1,,,
209BC,207BC,刘邦、项梁,秦,项梁、刘邦起义,,,,,,,,,,,,,,,,
209,209,项梁,秦,,,,,,,,,,,,,,1,209,项梁,秦
209,209,刘邦,秦,,,,,,,,,,,,,,1,209,刘邦,秦
208,208,秦,刘邦,,,,,,,,,,,,,,1,208,秦,刘邦
208,208,刘邦,秦,,,,,,,,,,,,,,1,208,刘邦,秦
208,208,刘邦,魏,,,,,,,,,,,,,,1,208,刘邦,魏
208,208,刘邦,秦,,,,,,,,,,,,,,1,208,刘邦,秦
208,208,刘邦,秦,,,,,,,,,,,,,,1,208,刘邦,秦
208,207,景驹 (Jing Jv),项梁,,,,,,,,,,,,,,1,207,景驹 (Jing Jv),项梁
208,208,项梁,秦,,,,,,,,,,,,,,1,208,项梁,秦
208,208,项梁,秦,,,,,,,,,,,,,,1,208,项梁,秦
208,208,刘邦,魏,,,,,,,,,,,,,,1,208,刘邦,魏
209,208,秦,楚,,,,,,,,,,,,,,1,208,秦,楚
208,208,楚,秦,,,,,,,,,,,,,,1,208,楚,秦
,,秦,楚,,,,,,,,,,,,,,1,,秦,楚
208,208,秦,齐,,,,,,,,,,,,,,1,208,秦,齐
207BC,207BC,楚,秦,巨鹿之战及追击,12,河北省邯郸市馆陶县,馆陶,36.618537,115.299157,河北省邢台市平乡县,巨鹿,37.05611021,115.0048185,1,1,0,1,,,
207BC,207BC,楚,秦,巨鹿之战及追击,12,河北省邯郸市馆陶县,馆陶,36.618537,115.299157,河北省临漳县,三户,36.26614195,114.5869442,1,2,0,1,,,
207BC,207BC,楚,秦,巨鹿之战及追击,12,河北省邯郸市馆陶县,馆陶,36.618537,115.299157,河南省安阳市小屯村,殷墟,36.12594583,114.3294693,1,3,0,1,,,
207BC,207BC,楚,秦,巨鹿之战及追击,12,河北省邢台市平乡县,巨鹿,37.0561102,115.004819,河南安阳县安丰乡,棘原,36.24069165,114.2862256,1,4,1,1,,,
207BC,207BC,楚,秦,巨鹿之战及追击,12,河南安阳县安丰乡,棘原,36.2406916,114.286226,河北省临漳县,三户,36.26614195,114.5869442,1,5,1,1,,,
207BC,207BC,楚,秦,巨鹿之战及追击,12,河南安阳县安丰乡,棘原,36.2406916,114.286226,河南省安阳市小屯村,殷墟,36.12594583,114.3294693,1,6,1,1,,,
207BC,207BC,刘邦,秦,刘邦入秦,13,河南省永城市芒山镇,砀邑,34.1807198,116.514562,山东省成武县,成武,34.98911095,115.9449886,1,1,0,1,,,
207BC,207BC,刘邦,秦,刘邦入秦,13,山东省成武县,成武,34.989111,115.944989,山东省济宁市金乡县,粟,35.0512461,116.315125,1,1,0,1,,,
207BC,207BC,刘邦,秦,刘邦入秦,13,山东省济宁市金乡县,粟,35.0512461,116.315125,山东省菏泽市定陶区,定陶,35.11185521,115.5740357,1,1,0,1,,,
207BC,207BC,刘邦,秦,刘邦入秦,13,山东省菏泽市定陶区,定陶,35.1118552,115.574036,河南省开封市杞县,雍丘,34.50596346,114.7687821,1,1,0,1,,,
207BC,207BC,刘邦,秦,刘邦入秦,13,河南省开封市杞县,雍丘,34.5059635,114.768782,河南省开封县陈留镇,陈留,34.68894897,114.54604,1,1,0,1,,,
207BC,207BC,刘邦,秦,刘邦入秦,13,河南省开封县陈留镇,陈留,34.688949,114.54604,河南省开封市,开封,34.80185418,114.3516421,1,1,0,1,,,
207BC,207BC,刘邦,秦,刘邦入秦,13,河南省开封市,开封,34.8018542,114.351642,河南省中牟县,曲遇,34.72031901,114.0112224,1,1,0,1,,,
207BC,207BC,刘邦,秦,刘邦入秦,13,河南省中牟县,曲遇,34.720319,114.011222,河南省禹州市,阳城,34.20030756,113.3926936,1,1,0,1,,,
207BC,207BC,刘邦,秦,刘邦入秦,13,河南省禹州市,阳城,34.2003076,113.392694,河南省孟津县,平阴,34.83114818,112.4769963,1,1,0,1,,,
207BC,207BC,刘邦,秦,刘邦入秦,13,河南省孟津县,平阴,34.8311482,112.476996,河南省洛阳市,洛阳,34.65736782,112.4475248,1,1,0,1,,,
207BC,207BC,刘邦,秦,刘邦入秦,13,河南省洛阳市,洛阳,34.6573678,112.447525,河南省禹州市,阳城,34.20030756,113.3926936,1,1,0,1,,,
207BC,207BC,刘邦,秦,刘邦入秦,13,河南省禹州市,阳城,34.2003076,113.392694,河南省南阳市,宛,33.01141957,112.5428419,1,1,0,1,,,
207BC,207BC,刘邦,秦,刘邦入秦,13,河南省南阳市,宛,33.0114196,112.542842,河南省邓州市,邓,32.68464955,112.0568606,1,1,0,1,,,
207BC,207BC,刘邦,秦,刘邦入秦,13,河南省邓州市,邓,32.6846496,112.056861,河南省淅川县,丹水,32.98972267,111.4453963,1,1,0,1,,,
207BC,207BC,刘邦,秦,刘邦入秦,13,河南省淅川县,丹水,32.9897227,111.445396,河南省唐河县,湖阳,32.61999329,112.8591183,1,1,0,1,,,
207BC,207BC,刘邦,秦,刘邦入秦,13,河南省唐河县,湖阳,32.6199933,112.859118,河南省南阳市,宛,33.01141957,112.5428419,1,1,0,1,,,
207BC,207BC,刘邦,秦,刘邦入秦,13,河南省南阳市,宛,33.0114196,112.542842,河南省内乡县,郦/析,33.22437718,111.8474051,1,1,0,1,,,
207BC,207BC,刘邦,秦,刘邦入秦,13,河南省内乡县,郦/析,33.2243772,111.847405,河南省淅川县荆紫关镇,荆紫关,33.23563141,111.0478459,1,1,0,1,,,
207BC,207BC,刘邦,秦,刘邦入秦,13,河南省淅川县荆紫关镇,荆紫关,33.2356314,111.047846,陕西省商洛市丹凤县,武关,33.68455364,110.4437995,1,1,0,1,,,
207BC,207BC,刘邦,秦,刘邦入秦,13,陕西省商洛市丹凤县,武关,33.6845536,110.4438,陕西省西安市蓝田县,蓝田,34.10078693,109.42339,1,1,0,1,,,
207BC,207BC,刘邦,秦,刘邦入秦,13,陕西省西安市蓝田县,蓝田,34.1007869,109.42339,陕西省西安市,霸上,34.2777999,108.9530983,1,1,0,1,,,
207BC,207BC,刘邦,秦,刘邦入秦,13,河南省内乡县,郦/析,33.2243772,111.847405,河南省淅川县,丹水,32.98972267,111.4453963,1,2,0,1,,,
207BC,207BC,刘邦,秦,刘邦入秦,13,河南省淅川县,丹水,32.9897227,111.445396,河南省淅川县荆紫关镇,荆紫关,33.23563141,111.0478459,1,2,0,1,,,
206BC,206BC,刘邦,项羽,Battle of 三秦 (San Qin) （this should be part of the rebellions against Qin),14,陕西省白水县,白水,35.27164592,109.5701661,陕西省凤县,故道县,33.99325178,106.766104,1,1,0,1,,,
206BC,206BC,刘邦,项羽,Battle of 三秦 (San Qin) （this should be part of the rebellions against Qin),14,陕西省凤县,故道县,33.99325178,106.766104,陕西省宝鸡市,陈仓,34.36408081,107.1706455,1,1,0,1,,,
206BC,206BC,刘邦,项羽,Battle of 三秦 (San Qin) （this should be part of the rebellions against Qin),14,陕西省宝鸡市,陈仓,34.36408081,107.1706455,陕西省武功县,雍_城,34.31655332,108.1909933,1,1,0,1,,,
206BC,206BC,刘邦,项羽,Battle of 三秦 (San Qin) （this should be part of the rebellions against Qin),14,陕西省武功县,雍_城,34.31655332,108.1909933,陕西省乾县,好畤,34.52767258,108.2294829,1,1,0,1,,,
206BC,206BC,刘邦,项羽,Battle of 三秦 (San Qin) （this should be part of the rebellions against Qin),14,陕西临潼县,栎阳,34.45627733,109.3104528,陕西省兴平县,废丘,34.3076094,108.4757604,1,1,1,1,,,
206BC,206BC,刘邦,项羽,Battle of 三秦 (San Qin) （this should be part of the rebellions against Qin),14,陕西省兴平县,废丘,34.3076094,108.4757604,陕西省武功县,壤东,34.31655332,108.1909933,1,1,1,1,,,
206BC,206BC,刘邦,项羽,Battle of 三秦 (San Qin) （this should be part of the rebellions against Qin),14,陕西省武功县,壤东,34.31655332,108.1909933,陕西省咸阳市,柳中,34.345373,108.7075093,1,1,1,1,,,
206BC,206BC,刘邦,项羽,Battle of 三秦 (San Qin) （this should be part of the rebellions against Qin),14,陕西省咸阳市,柳中,34.345373,108.7075093,陕西临潼县,栎阳,34.45627733,109.3104528,1,1,0,1,,,
206BC,206BC,刘邦,项羽,Battle of 三秦 (San Qin) （this should be part of the rebellions against Qin),14,陕西临潼县,栎阳,34.45627733,109.3104528,河南省灵宝市,函谷关,34.43710401,110.7797374,1,1,0,1,,,
206BC,206BC,刘邦,项羽,Battle of 三秦 (San Qin) （this should be part of the rebellions against Qin),14,河南省灵宝市,函谷关,34.43710401,110.7797374,山西省临猗县临晋镇,临晋,35.09967607,110.5635181,1,1,0,1,,,
206BC,206BC,刘邦,项羽,Battle of 三秦 (San Qin) （this should be part of the rebellions against Qin),14,陕西临潼县,栎阳,34.45627733,109.3104528,陕西省西安市蓝田县,峣关,34.10078693,109.42339,1,2,0,1,,,
206BC,206BC,刘邦,项羽,Battle of 三秦 (San Qin) （this should be part of the rebellions against Qin),14,陕西省西安市蓝田县,峣关,34.10078693,109.42339,陕西省商洛市丹凤县,武关,33.68455364,110.4437995,1,2,0,1,,,
206BC,206BC,刘邦,项羽,Battle of 三秦 (San Qin) （this should be part of the rebellions against Qin),14,陕西省咸阳市,柳中,34.345373,108.7075093,甘肃庆阳市,北地,35.72680075,107.6442271,1,3,0,1,,,
206BC,204BC,项羽,齐,项羽伐齐,15,山东省博平镇,博阳,36.59642754,116.0871735,陕西定陶县,济阴,35.1036257,115.6294197,1,1,1,1,,,
206BC,204BC,项羽,齐,项羽伐齐,15,山东菏泽,城阳,35.2624405,115.4633598,山东菏泽,城阳,35.2624405,115.4633598,1,1,0,1,,,
205BC,204BC,刘邦,项羽,Battle of  河南 (He Nan)、河内 (He Nei),,,,,,,,,,,,,1,,,
205BC,205BC,刘邦,项羽,Battle of 阳城 (Yang City),,,,,,,,,,,,,1,,,
205BC,205BC,Han 刘邦,楚,Battle of 彭城 (Peng Cheng),16,河南省太康县,阳夏,34.09709625,114.8557008,安徽萧县,萧,34.20852964,116.8124218,1,1,0,1,,,
205BC,205BC,Han 刘邦,楚,Battle of 彭城 (Peng Cheng),16,山东省东明县,围津,35.18243546,115.0741146,山东省菏泽市,煮枣,35.2624405,115.4633598,1,2,0,1,,,
205BC,205BC,Han 刘邦,楚,Battle of 彭城 (Peng Cheng),16,山东省菏泽市,煮枣,35.2624405,115.4633598,山东省菏泽市定陶区,定陶,35.11185521,115.5740357,1,2,0,1,,,
205BC,205BC,Han 刘邦,楚,Battle of 彭城 (Peng Cheng),16,山东省菏泽市定陶区,定陶,35.11185521,115.5740357,山东省鱼台县,胡陵,35.01985836,116.5784373,1,2,0,1,,,
205BC,205BC,Han 刘邦,楚,Battle of 彭城 (Peng Cheng),16,山东省鱼台县,胡陵,35.01985836,116.5784373,安徽萧县,萧,34.20852964,116.8124218,1,2,0,1,,,
205BC,205BC,Han 刘邦,楚,Battle of 彭城 (Peng Cheng),16,河南洛阳市,洛阳,34.65736782,112.4475248,陕西华县,东阳,34.41196409,109.8127033,1,3,0,1,,,
205BC,205BC,Han 刘邦,楚,Battle of 彭城 (Peng Cheng),16,陕西华县,东阳,34.41196409,109.8127033,河南省中牟县,曲遇,34.72031901,114.0112224,1,3,0,1,,,
205BC,205BC,Han 刘邦,楚,Battle of 彭城 (Peng Cheng),16,河南省中牟县,曲遇,34.72031901,114.0112224,河南省杞县,外黄,34.50596346,114.7687821,1,3,0,1,,,
205BC,205BC,Han 刘邦,楚,Battle of 彭城 (Peng Cheng),16,河南省杞县,外黄,34.50596346,114.7687821,河南商丘市睢阳区,睢阳,34.28675469,115.5897839,1,3,0,1,,,
205BC,205BC,Han 刘邦,楚,Battle of 彭城 (Peng Cheng),16,河南商丘市睢阳区,睢阳,34.28675469,115.5897839,安徽萧县,萧,34.20852964,116.8124218,1,3,0,1,,,
205BC,205BC,Han 刘邦,楚,Battle of 彭城 (Peng Cheng),16,安徽萧县,萧,34.20852964,116.8124218,江苏徐州,彭城,34.27155343,117.1881066,1,3,0,1,,,
205BC,205BC,Han 刘邦,楚,Battle of 彭城 (Peng Cheng),16,山东省济宁市兖州区,瑕丘,35.56442951,116.7525601,山东省鱼台县,胡陵,35.01985836,116.5784373,1,4,1,1,,,
205BC,205BC,Han 刘邦,楚,Battle of 彭城 (Peng Cheng),16,山东省鱼台县,胡陵,35.01985836,116.5784373,安徽萧县,萧,34.20852964,116.8124218,1,4,1,1,,,
205BC,205BC,Han 刘邦,楚,Battle of 彭城 (Peng Cheng),16,安徽萧县,萧,34.20852964,116.8124218,江苏徐州,彭城,34.27155343,117.1881066,1,4,1,1,,,
205BC,205BC,Han 刘邦,楚,Battle of 彭城 (Peng Cheng),16,江苏徐州,彭城,34.27155343,117.1881066,安徽省宿州市灵璧县,灵璧,33.69073703,117.5431267,1,4,1,1,,,
205BC,205BC,Han 刘邦,楚,Battle of 彭城 (Peng Cheng),16,安徽省宿州市灵璧县,灵璧,33.69073703,117.5431267,安徽省宿州市砀山县,下邑,34.45405724,116.4202823,1,4,1,1,,,
205BC,205BC,Han 刘邦,楚,Battle of 彭城 (Peng Cheng),16,安徽省宿州市砀山县,下邑,34.45405724,116.4202823,河南商丘市睢阳区,睢阳,34.28675469,115.5897839,1,4,1,1,,,
205BC,205BC,Han 刘邦,楚,Battle of 彭城 (Peng Cheng),16,河南商丘市睢阳区,睢阳,34.28675469,115.5897839,陕西华县,东阳,34.41196409,109.8127033,1,4,1,1,,,
205BC,203BC,项羽,刘邦,Battle of 荥阳 (Xing Yang)、成皋 (Cheng Gao),,,,,,,,,,,,,1,,,
205BC,205BC,Han 刘邦,"Wei and Dai 魏王豹 (Bao, the King of Wei)",Battle of 魏 (Wei) [please follow the order of the book: Wei before Liaodong],17,陕西省韩城市,夏阳,35.58278214,110.3937737,山西省永济市虞乡县,东张,34.89467151,110.4889487,1,1,0,1,,,
205BC,205BC,Han 刘邦,"Wei and Dai 魏王豹 (Bao, the King of Wei)",Battle of 魏 (Wei) [please follow the order of the book: Wei before Liaodong],17,山西省永济市虞乡县,东张,34.89467151,110.4889487,山西省运城市临猗县临晋镇,临晋,35.09967607,110.5635181,1,1,0,1,,,
205BC,205BC,Han 刘邦,"Wei and Dai 魏王豹 (Bao, the King of Wei)",Battle of 魏 (Wei) [please follow the order of the book: Wei before Liaodong],17,陕西省韩城市,夏阳,35.58278214,110.3937737,山西运城市盐湖区,安邑,35.06367688,110.9619309,1,2,0,1,,,
205BC,205BC,Han 刘邦,"Wei and Dai 魏王豹 (Bao, the King of Wei)",Battle of 魏 (Wei) [please follow the order of the book: Wei before Liaodong],17,山西省运城市临猗县临晋镇,临晋,35.09967607,110.5635181,山西运城市盐湖区,安邑,35.06367688,110.9619309,1,3,0,1,,,
205BC,205BC,Han 刘邦,"Wei and Dai 魏王豹 (Bao, the King of Wei)",Battle of 魏 (Wei) [please follow the order of the book: Wei before Liaodong],17,山西运城市盐湖区,安邑,35.06367688,110.9619309,山西运城市盐湖区,曲阳,35.06367688,110.9619309,1,3,0,1,,,
205BC,205BC,Han 刘邦,"Wei and Dai 魏王豹 (Bao, the King of Wei)",Battle of 魏 (Wei) [please follow the order of the book: Wei before Liaodong],17,今山西运城市盐湖区,曲阳,35.06367688,110.9619309,山西运城盐湖区解州镇,石门,34.91414241,110.9244913,1,3,0,1,,,
205BC,205BC,Han 刘邦,"Wei and Dai 魏王豹 (Bao, the King of Wei)",Battle of 魏 (Wei) [please follow the order of the book: Wei before Liaodong],17,山西运城盐湖区解州镇,石门,34.91414241,110.9244913,山西平陆县,茅津,34.88864577,111.2511093,1,3,0,1,,,
205BC,205BC,Han 刘邦,"Wei and Dai 魏王豹 (Bao, the King of Wei)",Battle of 魏 (Wei) [please follow the order of the book: Wei before Liaodong],17,山西平陆县,茅津,34.88864577,111.2511093,山西省运城市垣曲县,垣曲,35.22158416,111.8247869,1,3,0,1,,,
205BC,205BC,Yan,"Liao Dong 韩广（辽东王）(Han Guang, the King of Liao Dong",Battle of 辽东 (Liao Dong),,,,,,,,,,,,,1,,,
205BC,205BC,"陈余 (Chen Yu)、齐王田荣 (Tian Rong, the King of Qi (Do we know Chen Yu's polity? Zhao? See Jing Jing",张耳 (Zhang Er),Battle of 张耳 (Zhang Er),,,,,,,,,,,,,1,,,
205BC,205BC,"刘邦、韩王孙信 (Sun Xin, the King of Han)","韩王广 (Guang, the King of Han)",Battle of 阳城 (Yang Cheng) (where is this?),,,,,,,,,,,,,1,,,
205BC,205BC,田横 (Tian Heng),田假 (Tian Jia),Battle of 齐 (Qi),,,,,,,,,,,,,1,,,
205BC,205BC,Han 刘邦,Qin 章邯 (Zhang Han),Battle of 废丘 (Fei Qiu) (insert into rebellions against Qin),,,,,,,,,,,,,1,,,
204BC,204BC,Han 刘邦,"Zhao 赵王歇 (Xie, the King of Zhao)",Battle of 井陘 (Jing Jing),18,山西临汾市,平阳,36.09974544,111.5387876,山西省介休县,邬,37.02547628,111.995188,1,1,0,1,,,
204BC,204BC,Han 刘邦,"Zhao 赵王歇 (Xie, the King of Zhao)",Battle of 井陘 (Jing Jing),18,山西省介休县,邬,37.02547628,111.995188,山西省和顺县,阙与,37.3483737,113.4749345,1,1,0,1,,,
204BC,204BC,Han 刘邦,"Zhao 赵王歇 (Xie, the King of Zhao)",Battle of 井陘 (Jing Jing),18,山西省和顺县,阙与,37.3483737,113.4749345,河北省石家庄市鹿泉区,井陘,38.08996932,114.357319,1,1,0,1,,,
204BC,204BC,Han 刘邦,"Zhao 赵王歇 (Xie, the King of Zhao)",Battle of 井陘 (Jing Jing),18,河北省石家庄市鹿泉区,井陘,38.08996932,114.357319,河北省邢台市,信都,37.0695312,114.5204868,1,1,0,1,,,
204BC,204BC,Han 刘邦,"Zhao 赵王歇 (Xie, the King of Zhao)",Battle of 井陘 (Jing Jing),18,河北省邢台市,信都,37.0695312,114.5204868,河南省鹤壁市淇县,朝歌,35.66757175,114.1690337,1,1,0,1,,,
204BC,204BC,Han 刘邦,"Zhao 赵王歇 (Xie, the King of Zhao)",Battle of 井陘 (Jing Jing),18,河南省鹤壁市淇县,朝歌,35.66757175,114.1690337,河南省焦作市修武县,修武,35.30967796,113.3635282,1,1,0,1,,,
204BC,204BC,Han 刘邦,"Zhao 赵王歇 (Xie, the King of Zhao)",Battle of 井陘 (Jing Jing),18,河南省焦作市修武县,修武,35.30967796,113.3635282,河南省荥阳市,荥阳,34.80617994,113.3518018,1,1,0,1,,,
203BC,203BC,刘邦,齐,Battle of 历下 (Li Xia)、临淄 (Lin Zi),19,河北省邢台市,信都,37.0695312,114.5204868,山东省平原县,平原,37.15661761,116.4300789,1,1,0,1,,,
203BC,203BC,刘邦,齐,Battle of 历下 (Li Xia)、临淄 (Lin Zi),19,山东省平原县,平原,37.15661761,116.4300789,山东省济南市历下区,历下,36.65933858,117.1015858,1,1,0,1,,,
203BC,203BC,刘邦,齐,Battle of 历下 (Li Xia)、临淄 (Lin Zi),19,山东省济南市历下区,历下,36.65933858,117.1015858,山东省淄博市临淄区,临淄,36.85424402,118.300697,1,1,0,1,,,
203BC,203BC,刘邦,齐,Battle of 历下 (Li Xia)、临淄 (Lin Zi),19,山东省淄博市临淄区,临淄,36.85424402,118.300697,山东省高密县,高密,36.38731799,119.7025122,1,1,0,1,,,
203BC,203BC,刘邦,齐,Battle of 历下 (Li Xia)、临淄 (Lin Zi),19,山东省高密县,高密,36.38731799,119.7025122,山东省青岛市即墨区,即墨,36.4879086,120.5211056,1,1,0,1,,,
203BC,203BC,刘邦,齐,Battle of 历下 (Li Xia)、临淄 (Lin Zi),19,山东省淄博市临淄区,临淄,36.85424402,118.300697,山东省平度市,胶东,36.78855005,119.951062,1,2,0,1,,,
203,203,Han 刘邦,"Qi; Chu came to Qi's aid 齐王田广(Tian Guang, the King of Qi)、项羽",Battle of 潍水 (Wei Shui),,,,,,,,,,,,,1,,,
203,203,Han 刘邦,Chu 项羽,Battle of 成皋 (Cheng Gao),,,,,,,,,,,,,1,,,
202,202,Han 刘邦,Chu 项羽,Battle of 垓下( Gai Xia),20,河南省荥阳市,荥阳,34.80617994,113.3518018,河南省太康县,阳夏,34.09709625,114.8557008,1,1,0,1,,,
202,202,Han 刘邦,Chu 项羽,Battle of 垓下( Gai Xia),20,河南省太康县,阳夏,34.09709625,114.8557008,安徽省亳州市谯城区,城父,33.78292441,115.8128142,1,1,0,1,,,
202,202,Han 刘邦,Chu 项羽,Battle of 垓下( Gai Xia),20,安徽省亳州市谯城区,城父,33.78292441,115.8128142,安徽省灵璧县,垓下,33.69073703,117.5431267,1,1,0,1,,,
202,202,Han 刘邦,Chu 项羽,Battle of 垓下( Gai Xia),20,安徽省灵璧县,垓下,33.69073703,117.5431267,安徽省定远县,东城,32.4732586,117.6659645,1,1,0,1,,,
202,202,Han 刘邦,Chu 项羽,Battle of 垓下( Gai Xia),20,安徽省定远县,东城,32.4732586,117.6659645,安徽省和县,乌江,31.75756862,118.2998639,1,1,0,1,,,
202,202,Han 刘邦,Chu 项羽,Battle of 垓下( Gai Xia),20,山东省菏泽市定陶区,定陶,35.11185521,115.5740357,安徽省亳州市谯城区,城父,33.78292441,115.8128142,1,2,0,1,,,
202,202,Han 刘邦,Chu 项羽,Battle of 垓下( Gai Xia),20,江苏徐州,彭城,34.27155343,117.1881066,河南省太康县,阳夏,34.09709625,114.8557008,1,3,0,1,,,
202,202,Han 刘邦,Chu 项羽,Battle of 垓下( Gai Xia),20,河南省荥阳市,荥阳,34.80617994,113.3518018,安徽省淮南市寿县寿春镇,寿春,32.58253081,116.7898102,1,4,0,1,,,
202,201,汉,共尉 (Gong Wei),Battle of 江陵 (Jiang Ling),,,,,,,,,,,,,,,,
202,202,Han 刘邦,Lin jiang,Battle of 临江 (Lin Jiang),,,,,,,,,,,,,,,,
202,202,Han 刘邦,燕 (Yan),Battle of 燕 (Yan),,,,,,,,,,,,,,,,
202,202,Han 刘邦,Li JI a former Chu general 项羽 (already dead),Battle of 利己 (Li Ji),,,,,,,,,,,,,,,,
200,200,匈奴、韩王信,韩王信 、刘邦,Battle of 马邑 (Ma Yi),,,,,,,,,,,,,,,,
200,200,匈奴,汉,Battle of 白登 (Bai Ding),,,,,,,,,,,,,,,,
200,200,匈奴,汉,Battle of 代 (Dai),,,,,,,,,,,,,,,,
199BC,199BC,汉,"韩王信 's remnants (Xin, the King of Han)",Battle of 韩 (Han),21,山西沁县,铜鞮,36.70738348,112.6522101,山西省太原市晋源区,晋阳,37.74867492,112.4815873,1,1,0,1,,,
199BC,199BC,汉,"韩王信 's remnants (Xin, the King of Han)",Battle of 韩 (Han),21,山西省太原市晋源区,晋阳,37.74867492,112.4815873,山西代县,广武,39.09319722,113.0505817,1,1,0,1,,,
199BC,199BC,汉,"韩王信 's remnants (Xin, the King of Han)",Battle of 韩 (Han),21,山西代县,广武,39.09319722,113.0505817,山西朔州市,马邑,39.33767197,112.4799277,1,1,0,1,,,
199BC,199BC,汉,"韩王信 's remnants (Xin, the King of Han)",Battle of 韩 (Han),21,山西朔州市,马邑,39.33767197,112.4799277,山西大同市,平城,40.1137445,113.2905087,1,1,0,1,,,
199BC,199BC,汉,"韩王信 's remnants (Xin, the King of Han)",Battle of 韩 (Han),21,河北蔚县,代,39.87935315,114.7125372,山西省灵丘县,灵丘,39.37726778,114.2130952,1,2,0,1,,,
199BC,199BC,汉,"韩王信 's remnants (Xin, the King of Han)",Battle of 韩 (Han),21,山西省灵丘县,灵丘,39.37726778,114.2130952,山西繁峙县,霍人,39.20475699,113.5962136,1,2,0,1,,,
199BC,199BC,汉,"韩王信 's remnants (Xin, the King of Han)",Battle of 韩 (Han),21,山西繁峙县,霍人,39.20475699,113.5962136,山西代县,广武,39.09319722,113.0505817,1,2,0,1,,,
197BC,197BC,汉,代 (Dai_,Battle of 代 (Dai) (197 BC),22,山西沁县,铜鞮,36.70738348,112.6522101,山西省太原市晋源区,晋阳,37.74867492,112.4815873,1,1,0,1,,,
197BC,197BC,汉,代 (Dai_,Battle of 代 (Dai) (197 BC),22,山西省太原市晋源区,晋阳,37.74867492,112.4815873,山西代县,广武,39.09319722,113.0505817,1,1,0,1,,,
197BC,197BC,汉,代 (Dai_,Battle of 代 (Dai) (197 BC),22,山西代县,广武,39.09319722,113.0505817,山西朔州市,马邑,39.33767197,112.4799277,1,1,0,1,,,
197BC,197BC,汉,代 (Dai_,Battle of 代 (Dai) (197 BC),22,山西朔州市,马邑,39.33767197,112.4799277,山西大同市,平城,40.1137445,113.2905087,1,1,0,1,,,
197BC,197BC,汉,代 (Dai_,Battle of 代 (Dai) (197 BC),22,河北省邯郸市,邯郸,36.60930793,114.4826939,河北邢台市,襄国,37.0695312,114.5204868,1,2,0,1,,,
197BC,197BC,汉,代 (Dai_,Battle of 代 (Dai) (197 BC),22,河北邢台市,襄国,37.0695312,114.5204868,河北省尧山县,柏人,37.37930657,114.7017858,1,2,0,1,,,
197BC,197BC,汉,代 (Dai_,Battle of 代 (Dai) (197 BC),22,河北省尧山县,柏人,37.37930657,114.7017858,河北省正定县,东垣,38.22707254,114.5702013,1,2,0,1,,,
197BC,197BC,汉,代 (Dai_,Battle of 代 (Dai) (197 BC),22,河北省正定县,东垣,38.22707254,114.5702013,河北省曲阳县,上曲阳,38.70661221,114.660664,1,3,0,1,,,
197BC,197BC,汉,代 (Dai_,Battle of 代 (Dai) (197 BC),22,河北省正定县,东垣,38.22707254,114.5702013,河北省顺平县,曲逆,38.92795138,115.0739891,1,4,0,1,,,
195BC,195BC,汉,燕 (Yan),Battle of 燕 (Yan),23,天津市蓟县,蓟,40.00961366,117.4411592,河北省怀来县,沮阳,40.34798364,115.6340606,1,1,0,1,,,
196BC,196BC,Huainan 英布 (Ying Bu),汉,Battle of 蕲西 (Qi Xi),24,河南永城市,庸城,33.97201306,116.3307752,安徽省宿县,蕲西,33.62963184,116.9780223,1,1,0,1,,,
196BC,196BC,Huainan 英布 (Ying Bu),汉,Battle of 蕲西 (Qi Xi),24,江苏徐州,彭城,34.27155343,117.1881066,安徽省宿县,蕲西,33.62963184,116.9780223,1,2,0,1,,,
196BC,196BC,Huainan 英布 (Ying Bu),汉,Battle of 蕲西 (Qi Xi),24,江苏省徐州市邳州市,下邳,34.40294639,117.90306,安徽省宿县,蕲西,33.62963184,116.9780223,1,3,0,1,,,
196BC,196BC,Huainan 英布 (Ying Bu),汉,Battle of 蕲西 (Qi Xi),24,浙江杭州市富阳区富春街道,富春,30.05735531,119.9258612,江苏省淮安市盱眙县,盱眙,32.97161313,118.5382325,1,4,1,1,,,
196BC,196BC,Huainan 英布 (Ying Bu),汉,Battle of 蕲西 (Qi Xi),24,江苏省淮安市盱眙县,盱眙,32.97161313,118.5382325,江苏省泗洪县临淮镇,临淮,33.23545429,118.4449076,1,4,1,1,,,
196BC,196BC,Huainan 英布 (Ying Bu),汉,Battle of 蕲西 (Qi Xi),24,江苏省泗洪县临淮镇,临淮,33.23545429,118.4449076,安徽省宿县,蕲西,33.62963184,116.9780223,1,4,1,1,,,
192BC,192BC,汉,蜀 (Shu),Battle of 蜀 (Shu),,,,,,,,,,,,,,,,
183BC,183BC,Nanyue 赵佗 (Zhao Tuo),汉,Battle of 长沙 (Chang Sha),25,湖南长沙市,长沙,28.21347823,112.9793528,湖南长沙市,长沙,28.21347823,112.9793528,0,1,0,0,,,
182BC,182BC,匈奴,汉,Battle of 狄道 (Di Dao),26,甘肃临洮,狄道,35.5310787,103.9120152,甘肃临洮,狄道,35.5310787,103.9120152,0,1,0,0,,,
181BC,181BC,匈奴,汉,Battle of 狄道 (Di Dao),27,甘肃临洮,狄道,35.5310787,103.9120152,甘肃临洮,狄道,35.5310787,103.9120152,0,1,0,0,,,
180BC,180BC,汉,吕氏 (Lv Family),,,,,,,,,,,,,,,,,
177BC,177BC,匈奴,汉,Battle of 高奴 (Gao Nu),28,陕西省西安市,咸阳,34.2777999,108.9530983,陕西省今西安市阎良区武屯镇,栎阳,34.63764748,109.3231289,1,1,0,0,,,
177BC,177BC,匈奴,汉,Battle of 高奴 (Gao Nu),28,陕西省今西安市阎良区武屯镇,栎阳,34.63764748,109.3231289,陕西延安市,高奴,36.60332035,109.5005098,1,1,0,0,,,
177BC,177BC,匈奴,汉,Battle of 高奴 (Gao Nu),28,陕西延安市,高奴,36.60332035,109.5005098,陕西绥德县,上郡,37.52086133,110.3961438,1,1,0,0,,,
177BC,177BC,汉 or Ji bei?,济北王 (the King of Ji Bei),Battle of 济北 (Ji Bei),,,,,,,,,,,,,1,,,
166BC,166BC,匈奴,汉,Battle of 老上单于 (Lao Shang Chan Yu),29,宁夏固原市,回中宫,36.02152348,106.285268,甘肃省平凉市,朝那,35.55011019,106.6889112,1,1,0,0,,,
166BC,166BC,匈奴,汉,Battle of 老上单于 (Lao Shang Chan Yu),29,甘肃省平凉市,朝那,35.55011019,106.6889112,甘肃镇原县,彭阳,35.78795389,107.1772265,1,1,0,0,,,
166BC,166BC,匈奴,汉,Battle of 老上单于 (Lao Shang Chan Yu),29,甘肃镇原县,彭阳,35.78795389,107.1772265,陕西省凤翔县,雍,34.57702572,107.4367888,1,1,0,0,,,
166BC,166BC,匈奴,汉,Battle of 老上单于 (Lao Shang Chan Yu),29,甘肃镇原县,彭阳,35.78795389,107.1772265,陕西省淳化县,甘泉宫,34.86911575,108.5702188,1,2,0,0,,,
162BC,162BC,匈奴,汉,Battle of 云中 (Yun Zhong),30,内蒙古托克托县,云中,40.36108398,111.3197002,内蒙古托克托县,云中,40.36108398,111.3197002,0,1,0,0,,,
162BC,162BC,匈奴,汉,Battle of 云中 (Yun Zhong),30,辽宁辽阳,上郡,41.27333927,123.1724512,辽宁辽阳,上郡,41.27333927,123.1724512,0,2,0,0,,,
158BC,158BC,匈奴,汉,numerous battles were fought in different places [?? No record of fighting],,,,,,,,,,,,,,,,
154BC,154BC,Wu and Chu started rebellion,Han court,Rebellion of the 7 kingdoms,31,河南洛阳市,洛阳,34.65736782,112.4475248,河南省荥阳市,荥阳,34.80617994,113.3518018,1,1,1,1,,,
154BC,154BC,Wu and Chu started rebellion,Han court,Rebellion of the 7 kingdoms,31,河南省荥阳市,荥阳,34.80617994,113.3518018,河北省邯郸市,邯郸,36.60930793,114.4826939,1,1,0,1,,,
154BC,154BC,Wu and Chu started rebellion,Han court,Rebellion of the 7 kingdoms,31,河南省荥阳市,荥阳,34.80617994,113.3518018,山东省济宁市,济北,35.40212166,116.6007976,1,2,0,1,,,
154BC,154BC,Wu and Chu started rebellion,Han court,Rebellion of the 7 kingdoms,31,河南省荥阳市,荥阳,34.80617994,113.3518018,河南商丘市睢阳区,睢阳,34.28675469,115.5897839,1,3,0,1,,,
154BC,154BC,Wu and Chu started rebellion,Han court,Rebellion of the 7 kingdoms,31,江苏省扬州市,广陵,32.40850525,119.4277776,江苏省徐州市邳州市,下邳,34.40294639,117.90306,1,4,0,1,,,
154BC,154BC,Wu and Chu started rebellion,Han court,Rebellion of the 7 kingdoms,31,江苏省徐州市邳州市,下邳,34.40294639,117.90306,河南商丘市睢阳区,睢阳,34.28675469,115.5897839,1,4,0,1,,,
148BC,148BC,匈奴,汉,Battle of 燕 (Yan),32,北京市,,39.92998578,116.395645,北京市,,39.92998578,116.395645,0,1,0,0,,,
144BC,142BC,匈奴,汉,Battle of 雁门 (Yan Men),33,山西右玉县,,40.00813571,112.4216775,山西右玉县,,40.00813571,112.4216775,0,2,0,0,,,
144BC,142BC,匈奴,汉,Battle of 雁门 (Yan Men),33,内蒙古呼和浩特,,40.82831887,111.6603505,内蒙古呼和浩特,,40.82831887,111.6603505,0,3,0,0,,,
,,闽越 (Min Yue),东瓯 (Dongou),Battle of 浮海 (Fu Hai) [Fu hai seems the name of a general],,,,,,,,,,,,,,,,
135BC,135BC,闽越 (Min Yue),南越 (Nan Yue),Battle of 南越 (Nan Yue),,,,,,,,,,,,,,,,
133BC,133BC,汉,匈奴,Battle of 马邑 (Ma Yi),34,山西朔州市,马邑,39.33767197,112.4799277,山西朔州市,马邑,39.33767197,112.4799277,0,1,0,0,,,
129BC,129BC,匈奴,汉,Battle of 龙城 (Long Cheng),35,河北怀来,上谷,40.34798364,115.6340606,内蒙古多伦县,龙城,42.19660087,116.4986387,1,1,0,0,,,
129BC,129BC,匈奴,汉,Battle of 龙城 (Long Cheng),35,河北蔚县,代,39.87935315,114.7125372,河北蔚县,代,39.87935315,114.7125372,0,2,0,0,,,
129BC,129BC,匈奴,汉,Battle of 龙城 (Long Cheng),35,内蒙古托克托县,云中,40.36108398,111.3197002,内蒙古托克托县,云中,40.36108398,111.3197002,0,3,0,0,,,
129BC,129BC,匈奴,汉,Battle of 龙城 (Long Cheng),35,山西右玉县,雁门,40.00813571,112.4216775,山西右玉县,雁门,40.00813571,112.4216775,0,4,0,0,,,
128BC,128BC,汉,匈奴,"Battle of 渔阳、雁门 (Yu Yang, Yan Men) (128BC)",36,山西右玉县,雁门,40.00813571,112.4216775,山西右玉县,雁门,40.00813571,112.4216775,0,1,0,0,,,
128BC,128BC,汉,匈奴,"Battle of 渔阳、雁门 (Yu Yang, Yan Men) (128BC)",36,河北蔚县,代,39.87935315,114.7125372,河北蔚县,代,39.87935315,114.7125372,0,2,0,0,,,
127BC,127BC,汉,匈奴,Battle of 河南 (He Nan),37,内蒙古托克托县,云中,40.36108398,111.3197002,内蒙古巴彦淖尔市,,40.7691799,107.4238067,1,1,0,0,,,
127BC,127BC,汉,匈奴,Battle of 河南 (He Nan),37,内蒙古巴彦淖尔市,,40.7691799,107.4238067,内蒙古杭锦后旗,高阙,40.89216592,107.1572698,1,1,0,0,,,
127BC,127BC,汉,匈奴,Battle of 河南 (He Nan),37,内蒙古杭锦后旗,高阙,43.46823822,114.4158675,甘肃临洮县,陇西,35.5310787,103.9120152,1,1,0,0,,,
126BC,126BC,匈奴,汉,"Battle of 雁门、代郡 (Yan Men, Dai Jun)",38,山西右玉县,雁门,40.00813571,112.4216775,山西右玉县,雁门,40.00813571,112.4216775,0,1,0,0,,,
126BC,126BC,匈奴,汉,"Battle of 雁门、代郡 (Yan Men, Dai Jun)",38,河北蔚县,代,39.87935315,114.7125372,河北蔚县,代,39.87935315,114.7125372,0,2,0,0,,,
125BC,125BC,匈奴,汉,"Battle of 扰代、定襄 (Rao Dai, Ding Xiang)",39,河北蔚县,代,39.87935315,114.7125372,河北蔚县,代,39.87935315,114.7125372,0,3,0,0,,,
125BC,125BC,匈奴,汉,"Battle of 扰代、定襄 (Rao Dai, Ding Xiang)",39,内蒙古和林格尔县,定襄,40.33386844,111.9016927,内蒙古和林格尔县,定襄,40.33386844,111.9016927,0,4,0,0,,,
124BC,124BC,匈奴,汉,"Battle of 朔方、高阙 (Shuo Fang, Gao Jue)",40,内蒙古乌拉特后旗呼和温都尔镇,,40.95575645,106.8347574,内蒙古杭锦旗,,40.21287315,108.2128282,1,1,0,0,,,
124BC,124BC,匈奴,汉,"Battle of 朔方、高阙 (Shuo Fang, Gao Jue)",40,辽宁凌源市,,40.98180113,119.2715431,内蒙古杭锦旗,,40.21287315,108.2128282,1,2,0,0,,,
123BC,123BC,匈奴,汉,Battle of 定襄 (Ding Xiang),41,内蒙古和林格尔县,定襄,40.33386844,111.9016927,内蒙古和林格尔县,定襄,40.33386844,111.9016927,0,1,0,0,,,
121BC,121BC,汉,匈奴,Battle of 皋兰 (Gao Lan),42,甘肃临洮县,,35.5310787,103.9120152,甘肃兰州市,,36.06422553,103.8233054,1,1,0,0,,,
121BC,121BC,汉,匈奴,Battle of 皋兰 (Gao Lan),42,甘肃兰州市,,36.06422553,103.8233054,甘肃山丹县,,38.53022137,101.231647,1,1,0,0,,,
121BC,121BC,汉,匈奴,Battle of 祁连山 (Qi Lian Shan),43,甘肃临洮县,陇西,35.5310787,103.9120152,甘肃省皋兰县,皋兰,36.39468788,103.8904669,1,1,0,0,,,
121BC,121BC,汉,匈奴,Battle of 祁连山 (Qi Lian Shan),43,甘肃省皋兰县,皋兰,36.39468788,103.8904669,甘肃省武威市,武威,37.93317214,102.6401473,1,1,0,0,,,
121BC,121BC,汉,匈奴,Battle of 祁连山 (Qi Lian Shan),43,甘肃省武威市,武威,37.93317214,102.6401473,甘肃张掖市,张掖,38.9393203,100.4598919,1,1,0,0,,,
121BC,121BC,汉,匈奴,Battle of 祁连山 (Qi Lian Shan),43,甘肃张掖市,张掖,38.9393203,100.4598919,甘肃酒泉市,酒泉,39.75131728,98.51427092,1,1,0,0,,,
119BC,119BC,汉,匈奴,Battle of 漠北 (Mo Bei),44,河北蔚县,代,39.87935315,114.7125372,内蒙古多伦县,多伦,42.19660087,116.4986387,1,1,0,0,,,
119BC,119BC,汉,匈奴,Battle of 漠北 (Mo Bei),44,内蒙古多伦县,多伦,42.19660087,116.4986387,未知,姑衍,50.599854,107.621642,1,1,0,0,,,
119BC,119BC,汉,匈奴,Battle of 漠北 (Mo Bei),44,内蒙古和林格尔县,定襄,40.33386844,111.9016927,未知,赵信城,47.020144,99.480344,1,1,0,0,,,
112BC,112BC,汉,南越 (Nan Yue),Battle of 番禺 （ Fan Yu) [pan/pang?],45,广东连州市,,24.93702085,112.4591889,广东广州市番禺区,番禺,22.9345908,113.4167995,1,1,0,0,,,
112BC,112BC,汉,南越 (Nan Yue),Battle of 番禺 （ Fan Yu) [pan/pang?],45,江西南昌,,28.689578,115.8935275,广东广州市番禺区,番禺,22.9345908,113.4167995,1,2,0,0,,,
112BC,112BC,汉,南越 (Nan Yue),Battle of 番禺 （ Fan Yu) [pan/pang?],45,广西全州,,25.93646477,111.0264348,广东广州市番禺区,番禺,22.9345908,113.4167995,1,3,0,0,,,
112BC,112BC,汉,南越 (Nan Yue),Battle of 番禺 （ Fan Yu) [pan/pang?],45,广西苍梧县,苍梧,23.62673795,111.2983521,广东广州市番禺区,番禺,22.9345908,113.4167995,1,4,0,0,,,
112BC,112BC,汉,南越 (Nan Yue),Battle of 番禺 （ Fan Yu) [pan/pang?],45,贵州北盘江,,25.490683,105.782603,广东广州市番禺区,番禺,22.9345908,113.4167995,1,5,0,0,,,
112BC,112BC,汉,西羌 (Xi Qiang),Battle of 枹罕 (Bao Han),46,甘肃陇西县,,35.11180169,104.6329132,甘肃临夏回族自治区,,35.58583481,103.2005758,1,1,0,0,,,
112BC,112BC,汉,西羌 (Xi Qiang),Battle of 枹罕 (Bao Han),46,甘肃天水市,,34.58431942,105.7369316,甘肃临夏回族自治区,,35.58583481,103.2005758,1,2,0,0,,,
112BC,112BC,汉,西羌 (Xi Qiang),Battle of 枹罕 (Bao Han),46,甘肃定西市安定区,,35.64441517,104.6376237,甘肃临夏回族自治区,,35.58583481,103.2005758,1,3,0,0,,,
112BC,112BC,匈奴,汉,Battle of 五原 (Wu Yuan),47,内蒙古包头市九原区麻池镇,五原,40.60596697,109.8488509,未知,浮沮井,,,1,1,0,0,,,
112BC,112BC,匈奴,汉,Battle of 五原 (Wu Yuan),47,甘肃兰州市永登县,令登,36.61692361,103.2527935,未知,浮沮井,,,1,2,0,0,,,
112BC,112BC,匈奴,汉,Battle of 五原 (Wu Yuan),47,未知,西库伦,47.917244,106.918431,未知,范夫人城,43.904758,103.985737,1,1,1,0,,,
112BC,112BC,匈奴,汉,Battle of 五原 (Wu Yuan),47,未知,范夫人城,43.904758,103.985737,未知,受降城,41.29208,107.502238,1,1,1,0,,,
112BC,112BC,匈奴,汉,Battle of 五原 (Wu Yuan),47,未知,受降城,41.29208,107.502238,内蒙古包头市九原区麻池镇,五原,40.60596697,109.8488509,1,1,1,0,,,
111BC,111BC,东越 (Dong Yue),汉,Battle of 白沙 (Bai Sha)、 武林 (Wu Lin）、梅岭 (Mei Ling),48,江西南昌,,28.689578,115.8935275,江西南昌,,28.689578,115.8935275,1,1,0,1,,,
111BC,111BC,东越 (Dong Yue),汉,Battle of 白沙 (Bai Sha)、 武林 (Wu Lin）、梅岭 (Mei Ling),48,江西武陵山,,25.80569639,114.9114349,江西武陵山,,25.80569639,114.9114349,1,1,0,1,,,
111BC,111BC,东越 (Dong Yue),汉,Battle of 白沙 (Bai Sha)、 武林 (Wu Lin）、梅岭 (Mei Ling),48,江西新建,,28.76251038,115.9776635,江西新建,,28.76251038,115.9776635,0,1,0,1,,,
111BC,111BC,汉,东越 (Dong Yue),Battle of 武林 （Wu Lin),49,浙江余姚,,29.99645672,121.1527792,福建福州,,26.0471255,119.3302211,1,1,0,1,,,
111BC,111BC,汉,东越 (Dong Yue),Battle of 武林 （Wu Lin),49,江西武陵山,,25.80569639,114.9114349,福建福州,,26.0471255,119.3302211,1,2,0,1,,,
111BC,111BC,汉,东越 (Dong Yue),Battle of 武林 （Wu Lin),49,江西新建,,28.76251038,115.9776635,福建福州,,26.0471255,119.3302211,1,3,0,1,,,
111BC,111BC,汉,东越 (Dong Yue),Battle of 武林 （Wu Lin),49,浙江绍兴市,,30.00236458,120.5924674,福建福州,,26.0471255,119.3302211,1,4,0,1,,,
111BC,111BC,汉,东越 (Dong Yue),Battle of 汉阳 (Han Yang),50,福建浦城县,,27.94516413,118.5242976,福建浦城,,27.94516413,118.5242976,0,1,0,1,,,
109BC,109BC,汉,劳深 (Lao Shen),Battle of 劳深 （Lao Shen),,,,,,,,,,,,,,,,
109BC,109BC,汉,靡莫 (Mi Mo),Battle of 靡莫  (Mi Mo),,,,,,,,,,,,,,,,
109BC,109BC,汉,滇,Battle of 滇 (Dian),51,云南省昆明市晋宁区,,24.60504107,102.5796139,云南省昆明市晋宁区,,24.60504107,102.5796139,0,1,0,0,,,
109BC,109BC,汉,朝鲜 (Chao Xian),Battle of 右渠 (You Qv),52,辽阳市,,41.27333927,123.1724512,朝鲜平壤,,47.44220961,126.4709994,1,1,0,0,,,
109BC,109BC,汉,朝鲜 (Chao Xian),Battle of 右渠 (You Qv),52,山东烟台,,37.53656156,121.309555,朝鲜平壤,,47.44220961,126.4709994,1,2,0,0,,,
108BC,108BC,汉,楼兰 (Lou Lan)、车师 （Che Shi),Battle of 楼兰 (Lou Lan)、车师 (Che Shi),,,,,,,,,,,,0,0,,,
108BC,108BC,氐,汉,Battle of ??,,,,,,,,,,,,,,,,
103BC,103BC,汉,匈奴,Battle of the Mountain of 浚稽 (Jun Ji),53,内蒙古包头市九原区麻池镇,五原,40.60596697,109.8488509,未知,浚稽山,47.823831,88.186765,1,1,0,0,,,
102BC,102BC,匈奴,汉,"Battle of 定襄 (Ding Xiang),酒泉 (Jiu Quan)，张掖 (Zhang Ye)",54,内蒙古自治区阿拉善盟额济纳旗,居延塞,41.69379984,100.0995124,内蒙古自治区阿拉善盟额济纳旗,居延塞,41.69379984,100.0995124,0,1,0,0,,,
102BC,102BC,匈奴,汉,"Battle of 定襄 (Ding Xiang),酒泉 (Jiu Quan)，张掖 (Zhang Ye)",54,内蒙古包头市九原区麻池镇,五原,40.60596697,109.8488509,内蒙古自治区鄂尔多斯市鄂托克旗,朔方,39.28629659,107.7520202,0,2,1,0,,,
102BC,102BC,匈奴,汉,"Battle of 定襄 (Ding Xiang),酒泉 (Jiu Quan)，张掖 (Zhang Ye)",54,内蒙古和林格尔县,定襄,40.33386844,111.9016927,内蒙古和林格尔县,定襄,40.33386844,111.9016927,0,2,0,0,,,
102BC,102BC,匈奴,汉,"Battle of 定襄 (Ding Xiang),酒泉 (Jiu Quan)，张掖 (Zhang Ye)",54,内蒙古托克托县,云中,40.36108398,111.3197002,内蒙古托克托县,云中,40.36108398,111.3197002,0,3,0,0,,,
99BC,99BC,汉,匈奴,Battle of 天山 (Tian Shan),55,甘肃省酒泉市,酒泉,39.75131728,98.51427092,甘肃省酒泉市玉门市,玉门,40.2255518,97.46120885,1,1,0,0,,,
99BC,99BC,汉,匈奴,Battle of 天山 (Tian Shan),55,甘肃省酒泉市玉门市,玉门,40.2255518,97.46120885,新疆哈密市星星峡镇,星星峡,41.80250631,94.77151309,1,1,0,0,,,
99BC,99BC,汉,匈奴,Battle of 天山 (Tian Shan),55,新疆哈密市星星峡镇,星星峡,41.80250631,94.77151309,新疆哈密市,哈密,42.83316437,93.52129666,1,1,0,0,,,
99BC,99BC,汉,匈奴,Battle of 天山 (Tian Shan),55,内蒙古自治区阿拉善盟额济纳旗,居延塞,41.69379984,100.0995124,未知,浚稽山,47.823831,88.186765,1,2,0,0,,,
99BC,99BC,汉,匈奴,Battle of 天山 (Tian Shan),55,内蒙古包头市九原区麻池镇,五原,40.60596697,109.8488509,未知,浚稽山,47.823831,88.186765,1,3,0,0,,,
99BC,99BC,汉,匈奴,Battle of 浚稽 (Jun Ji),,,,,,,,,,,,,,,,
97BC,97BC,汉,匈奴,Battle of 余吾水 (Yu Wu Shui),56,内蒙古自治区阿拉善盟额济纳旗,居延塞,41.69379984,100.0995124,未知,浚稽山,47.823831,88.186765,1,1,0,0,,,
97BC,97BC,汉,匈奴,Battle of 余吾水 (Yu Wu Shui),56,内蒙古包头市九原区麻池镇,五原,40.60596697,109.8488509,未知,浚稽山,47.823831,88.186765,1,1,0,0,,,
97BC,97BC,汉,匈奴,Battle of 余吾水 (Yu Wu Shui),56,内蒙古自治区鄂尔多斯市鄂托克旗,朔方,39.28629659,107.7520202,未知,浚稽山,47.823831,88.186765,1,1,0,0,,,
90BC,90BC,汉,匈奴,Battle of 燕然山 (Yan Ran Shan),57,内蒙古包头市九原区麻池镇,五原,40.60596697,109.8488509,未知,范夫人城,43.904758,103.985737,1,1,0,0,,,
90BC,90BC,汉,匈奴,Battle of 燕然山 (Yan Ran Shan),57,未知,范夫人城,43.904758,103.985737,未知,西库伦,47.917244,106.918431,1,1,0,0,,,
90BC,90BC,汉,匈奴,Battle of 燕然山 (Yan Ran Shan),57,甘肃省酒泉市玉门市,玉门,40.2255518,97.46120885,乌兰巴托,乌里雅苏台,47.917244,106.918431,1,2,0,0,,,
90BC,90BC,汉,匈奴,Battle of 燕然山 (Yan Ran Shan),57,新疆和硕县,危须,42.14107607,87.58871648,新疆吐鲁番市,车师,42.67892482,89.26602549,1,3,0,0,,,
90BC,90BC,汉,匈奴,Battle of 燕然山 (Yan Ran Shan),57,新疆尉犁县,尉犁,40.85879581,86.86699081,新疆吐鲁番市,车师,42.67892482,89.26602549,1,4,0,0,,,
90BC,90BC,汉,匈奴,Battle of 燕然山 (Yan Ran Shan),57,甘肃省敦煌市,敦煌,40.3887715,94.15804177,新疆吐鲁番市,车师,42.67892482,89.26602549,1,5,0,0,,,
87,87,匈奴,汉,Battle of 朔方 (Shuo Fang),,,,,,,,,,,,,,,,
86,86,汉,Rebels in the Province of Yi,Battle of 益州 (Province of Yi),,,,,,,,,,,,,,,,
83,83,汉,Rebels in the Province of Yi,Battle of 益州 (Province of Yi),,,,,,,,,,,,,,,,
80,80,汉,武都氏(Wu Du Clan),Battle of 武都 (Wu Du),,,,,,,,,,,,,,,,
79,79,汉,匈奴,Battle of 瓯脱 (Ou Tuo),,,,,,,,,,,,,,,,
78,78,匈奴,汉,Battle of 张掖 (Zhang Ye),,,,,,,,,,,,,,,,
78,78,汉,匈奴、乌桓 (Wu Huan),Battle of 辽东 (Liao Dong),,,,,,,,,,,,,,,,
75,75,乌桓 (Wu Huan),汉,Battle of 辽东 (Liao Dong),,,,,,,,,,,,,,,,
71BC,71BC,汉、乌孙(Wu Sun) 、乌桓 (Wu Huan),匈奴,Battle of 西河 (Xi He)、张掖 (Zhang Ye）、云中(Yun Zhong)、酒泉(Jiu Quan)、五原(Wu Yuan),58,甘肃省酒泉市,酒泉,39.75131728,98.51427092,甘肃省敦煌市,敦煌,40.3887715,94.15804177,1,1,0,0,,,
71BC,71BC,汉、乌孙(Wu Sun) 、乌桓 (Wu Huan),匈奴,Battle of 西河 (Xi He)、张掖 (Zhang Ye）、云中(Yun Zhong)、酒泉(Jiu Quan)、五原(Wu Yuan),58,甘肃省敦煌市,敦煌,40.3887715,94.15804177,新疆自治区哈密市,哈密,42.83316437,93.52129666,1,1,0,0,,,
71BC,71BC,汉、乌孙(Wu Sun) 、乌桓 (Wu Huan),匈奴,Battle of 西河 (Xi He)、张掖 (Zhang Ye）、云中(Yun Zhong)、酒泉(Jiu Quan)、五原(Wu Yuan),58,新疆自治区哈密市,哈密,42.3444671,93.52937301,新疆伊吾县,伊吾,43.5703816,94.91156968,1,1,0,0,,,
71BC,71BC,汉、乌孙(Wu Sun) 、乌桓 (Wu Huan),匈奴,Battle of 西河 (Xi He)、张掖 (Zhang Ye）、云中(Yun Zhong)、酒泉(Jiu Quan)、五原(Wu Yuan),58,甘肃省张掖市,张掖,38.9393203,100.4598919,内蒙古自治区阿拉善盟额济纳旗,居延塞,41.69379984,100.0995124,1,2,0,0,,,
71BC,71BC,汉、乌孙(Wu Sun) 、乌桓 (Wu Huan),匈奴,Battle of 西河 (Xi He)、张掖 (Zhang Ye）、云中(Yun Zhong)、酒泉(Jiu Quan)、五原(Wu Yuan),58,内蒙古自治区阿拉善盟额济纳旗,居延塞,41.69379984,100.0995124,未知,阿尔泰山南麓,47.823831,88.186765,1,2,0,0,,,
71BC,71BC,汉、乌孙(Wu Sun) 、乌桓 (Wu Huan),匈奴,Battle of 西河 (Xi He)、张掖 (Zhang Ye）、云中(Yun Zhong)、酒泉(Jiu Quan)、五原(Wu Yuan),58,内蒙古包头市九原区麻池镇,五原,40.60596697,109.8488509,未知,阿尔泰山南麓,47.823831,88.186765,1,3,0,0,,,
71BC,71BC,汉、乌孙(Wu Sun) 、乌桓 (Wu Huan),匈奴,Battle of 西河 (Xi He)、张掖 (Zhang Ye）、云中(Yun Zhong)、酒泉(Jiu Quan)、五原(Wu Yuan),58,内蒙古托克托县,云中,40.36108398,111.3197002,未知,阿尔泰山南麓,47.823831,88.186765,1,4,0,0,,,
71,71,匈奴,乌孙 （Wu Sun)、丁令 (Ding Ling)、乌桓 (Wu Huan)、汉,The battle that eliminated 匈奴 as a unified power,,,,,,,,,,,,,,,,
71,71,汉、乌孙(Wu Sun) and other neighbors along the Western Frontier,龟兹 （Gui Zi),Battle of 龟兹 (Gui Zi),,,,,,,,,,,,,,,,
67,67,车师、匈奴,汉,Battle of 车师 (Che Shi),,,,,,,,,,,,,,,,
65,65,汉 and allies,车师,Battle of 莎车 (Sha Che),,,,,,,,,,,,,,,,
61,61,汉,西羌 (Xi Qiang),Battle of 落都 (Luo Du),,,,,,,,,,,,,,,,
60,60,匈奴,汉,Battle of ??,,,,,,,,,,,,,,,,
53,53,乌孙 (Wu Sun),汉,Battle of 赤谷 (Chi Gu),,,,,,,,,,,,,,,,
42,42,西羌,汉,Battle 陇西 (Long Xi),,,,,,,,,,,,,,,,
36BC,36BC,汉,匈奴,Battle of 康居 (Kang Jv),59,新疆轮台县,西域都护所,41.81928752,84.57895947,新疆温宿县,温宿,41.58208461,80.46187819,1,1,0,0,,,
36BC,36BC,汉,匈奴,Battle of 康居 (Kang Jv),59,新疆温宿县,温宿,41.58208461,80.46187819,哈萨克斯坦江布尔州塔拉兹,郅支城,42.898102,71.370231,1,1,0,0,,,
30,30,倗宗,汉,Battle of 南山 (Nan Shan),,,,,,,,,,,,,,,,
29,29,乌孙 (Wu Sun),汉,Battle of 西域都护 (One of the fortified cities on the Western border),,,,,,,,,,,,,,,,
27,27,汉,夜郎 (Ye Lang),Battle of 夜郎,,,,,,,,,,,,,,,,
22,22,The prisoners who were forced to refine iron for the state,汉,Battle of 颍川 (Ying Chuan),,,,,,,,,,,,,,,,
18,18,郑躬 (Zheng Gong),汉,Battle of 广汉 (Chen Liu),,,,,,,,,,,,,,,,
14,14,樊并 (Fan Bing),汉,Battle of 陈留 (Chen Liu),,,,,,,,,,,,,,,,
14,14,THe prisoners who were forced to refine iron for the state,汉,Battle of 山阳 (Shan Yang),,,,,,,,,,,,,,,,
11,11,汉,乌孙,Battle of 赤谷 (Chi Gu),,,,,,,,,,,,,,,,
3,3,任横 （Ren Heng),汉,Battle of 阳陵 (Yang Ling),,,,,,,,,,,,,,,,
6,6,刘崇 (Liu Chong),王莽 （Wang Mang),Battle of 宛 (Wan),60,河南南阳市,宛,33.0114,112.543,河南南阳市,宛,33.0114,112.543,0,1,0,1,,,
7,7,翟义 (Zhai Yi),王莽 （Wang Mang),Battle of 陈留 (Chen Liu),,,,,,,,,,,,,,,,
7,8,赵朋、霍鸿,新,Battle of 长安 (Chang An),,,,,,,,,,,,,,,,
7,7,西羌,新,Battle of 西海 (Xi Hai),,,,,,,,,,,,,,,,
10,11,新,匈奴,Battle of 云中 (Yun Zhong),,,,,,,,,,,,,,,,
16,16,新,西南夷人 (Barbarians from the South West),Battle of 句町 (Ju Ding),,,,,,,,,,,,,,,,
16,17,新,西南夷人 (Barbarians from the South West),Second Battle of 句町,,,,,,,,,,,,,,,,
?,?,西南夷 （Barbarians from the South West),新,Battle of 越嶲 (Yue Xi),,,,,,,,,,,,,,,,
19,20,西南夷 （Barbarians from the South West),新,Battle of 越嶲 (Yue Xi)、益州 (Yi Zhou),,,,,,,,,,,,,,,,
15,16,People in 五原，代郡,新,Battle of 五原，代郡,,,,,,,,,,,,,,,,
？？,？？,赤眉军,新,Battle of 莒县 (Ju Xian)、姑幕(Gu Mu),,,,,,,,,,,,,,,,
？？,？？,赤眉军,新,Battle of 青州 (Qing Zhou),,,,,,,,,,,,,,,,
21,22,新,赤眉军,Battle of ??,,,,,,,,,,,,,,,,
22,22,,,Battle of 成昌,,,,,,,,,,,,,,,,
17,?,南郡、江夏人 (People from 南郡 and 江夏）,新,Battle of 南郡，江夏 (Jiang Xia),,,,,,,,,,,,,,,,
21,21,南郡,新,Battle of 南郡,,,,,,,,,,,,,,,,
17,?,吕母,新,Battle of 琅玡(Lang Ya)、海曲(Hai Qv),,,,,,,,,,,,,,,,
21,21,新,绿林军,更始灭新莽,61,湖北京山市,绿林山,31.0858,113.112,湖北省天门市,竟陵,30.649,113.126,1,1,0,1,,,
21,21,新,绿林军,更始灭新莽,61,湖北省天门市,竟陵,30.649,113.126,湖北省云梦县,云梦,31.005,113.778,1,1,0,1,,,
21,21,新,绿林军,更始灭新莽,61,湖北省云梦县,云梦,31.005,113.778,湖北省安陆市,安陆,31.3044,113.633,1,1,0,1,,,
21,21,新,绿林军,更始灭新莽,61,湖北省安陆市,安陆,31.3044,113.633,湖北省随州市,随,31.7179,113.379,1,1,0,1,,,
21,21,新,绿林军,更始灭新莽,61,湖北省随州市,随,31.7179,113.379,湖北枣阳市吴店镇,舂陵,31.9878,112.783,1,1,0,1,,,
21,21,新,绿林军,更始灭新莽,61,湖北枣阳市吴店镇,舂陵,31.9878,112.783,河南南阳市,宛,33.0114,112.543,1,1,0,1,,,
21,21,新,绿林军,更始灭新莽,61,河南南阳市,宛,33.0114,112.543,河南叶县,昆阳,33.551,113.351,1,1,0,1,,,
21,21,新,绿林军,更始灭新莽,61,河南叶县,昆阳,33.551,113.351,河南省许昌市禹州市,颍川,34.2003,113.393,1,1,0,1,,,
21,21,新,绿林军,更始灭新莽,61,河南省许昌市禹州市,颍川,34.2003,113.393,河南省洛阳市,洛阳,34.65736782,112.4475248,1,1,0,1,,,
21,21,新,绿林军,更始灭新莽,61,河南南阳市,宛,33.0114,112.543,河南省南阳市内乡县,析,33.2244,111.847,1,2,0,1,,,
21,21,新,绿林军,更始灭新莽,61,河南省南阳市内乡县,析,33.2244,111.847,陕西省商洛市丹凤县,武关,33.6846,110.444,1,2,0,1,,,
21,21,新,绿林军,更始灭新莽,61,陕西省商洛市丹凤县,武关,33.6846,110.444,陕西省蓝田县,蓝田关,34.1008,109.423,1,2,0,1,,,
21,21,新,绿林军,更始灭新莽,61,陕西省蓝田县,蓝田关,34.1008,109.423,陕西省西安市,长安,34.2777999,108.9530983,1,2,0,1,,,
21,21,新,绿林军,更始灭新莽,61,河南省南阳市内乡县,析,33.2244,111.847,陕西省灵宝市函谷关镇王垛村,函谷关,34.643,110.928,1,3,0,1,,,
21,21,新,绿林军,更始灭新莽,61,陕西省灵宝市函谷关镇王垛村,函谷关,34.643,110.928,陕西省华阴市,华阴,34.5327,110.058,1,3,0,1,,,
21,21,新,绿林军,更始灭新莽,61,陕西省华阴市,华阴,34.5327,110.058,陕西省西安市,长安,34.2777999,108.9530983,1,3,0,1,,,
21,21,新,绿林军,更始灭新莽,61,陕西省华阴市,华阴,34.5327,110.058,陕西富平县美原镇古城村,频阳,34.9748,109.363,1,4,0,1,,,
21,21,新,绿林军,更始灭新莽,61,陕西富平县美原镇古城村,频阳,34.9748,109.363,陕西省西安市,长安,34.2777999,108.9530983,1,4,0,1,,,
21,21,新,绿林军,Battle of 云杜 (Yun Du),,,,,,,,,,,,,,,,
22,22,绿林军,新,Battle of 随县 (Sui Prefecture),,,,,,,,,,,,,,,,
22,22,新市、平林,新,Battle of 长聚 (Chang Jv),,,,,,,,,,,,,,,,
22,22,舂陵,新,Battle of 小长安聚 (Xiao Chang An Jv),,,,,,,,,,,,,,,,
22,22,下江、舂陵、新市、平林,新,Battle of 蓝乡 (Lan Xiang)、渝阳 (Yu Yang),,,,,,,,,,,,,,,,
23,23,绿林,新,Battle of 宛城 (Wan Cheng)、昆阳(Kun Yang)、定陵(Ding Ling)、郾 (Yan),,,,,,,,,,,,,,,,
23,23,新,绿林军,Battle of 昆阳 (Kun Yang),,,,,,,,,,,,,,,,
23,23,绿林军,新,Battle of 洛阳 (Luo Yang),,,,,,,,,,,,,,,,
23,23,绿林军,新,Battle of 长安 (Chang An),,,,,,,,,,,,,,,,
17,？,瓜田仪,新,Battle of 会稽,,,,,,,,,,,,,,,,
??,??,新,刁子都,Battle of ??,,,,,,,,,,,,,,,,
21,21,秦丰,新,Battle of 宜城,,,,,,,,,,,,,,,,
27,27,汉,秦丰,Battle of ??,,,,,,,,,,,,,,,,
27,29,汉,秦丰,Battle of 黎秋,,,,,,,,,,,,,,,,
23,23,蜀,宗成,Battle of 蜀 (Shu),,,,,,,,,,,,,,,,
23,23,绿林军,刘望,Battle of 汝南 (Ru Nan),,,,,,,,,,,,,,,,
23,25,刘秀,Various Groups,刘秀略定河北,62,河北省衡水市冀州區,信都,37.5364,115.448,河北省临西县,清阳,36.858,115.528,1,1,0,1,,,
23,25,刘秀,Various Groups,刘秀略定河北,62,河北省临西县,清阳,36.858,115.528,河北省馆陶县,馆陶,36.6185,115.299,1,1,0,1,,,
23,25,刘秀,Various Groups,刘秀略定河北,62,河北省馆陶县,馆陶,36.6185,115.299,河北省大名县,大名,36.3095,115.249,1,1,0,1,,,
23,25,刘秀,Various Groups,刘秀略定河北,62,河北省大名县,大名,36.3095,115.249,河南滑县,白马,35.4717,114.674,1,1,0,1,,,
23,25,刘秀,Various Groups,刘秀略定河北,62,河南滑县,白马,35.4717,114.674,河南省焦作市修武县,山阳,35.3097,113.364,1,1,0,1,,,
23,25,刘秀,Various Groups,刘秀略定河北,62,河南省焦作市修武县,山阳,35.3097,113.364,河南洛阳市,洛阳,34.6574,112.448,1,1,0,1,,,
23,25,刘秀,Various Groups,刘秀略定河北,62,河南洛阳市,洛阳,34.6574,112.448,河南省沁阳县,河内,35.1338,112.888,1,1,0,1,,,
23,25,刘秀,Various Groups,刘秀略定河北,62,河南省沁阳县,河内,35.1338,112.888,河北省武安市,武安,36.749,114.058,1,1,0,1,,,
23,25,刘秀,Various Groups,刘秀略定河北,62,河北省武安市,武安,36.749,114.058,河北省邢台市隆尧县,柏人,37.3647,114.793,1,1,0,1,,,
23,25,刘秀,Various Groups,刘秀略定河北,62,河北省邢台市隆尧县,柏人,37.3647,114.793,河北省石家庄市高邑县,防子,37.6227,114.607,1,1,0,1,,,
23,25,刘秀,Various Groups,刘秀略定河北,62,河北省石家庄市高邑县,防子,37.6227,114.607,河北省正定县,真定,38.2271,114.57,1,1,0,1,,,
23,25,刘秀,Various Groups,刘秀略定河北,62,河北省正定县,真定,38.2271,114.57,河北省定州市,卢奴,38.4658,115.057,1,1,0,1,,,
23,25,刘秀,Various Groups,刘秀略定河北,62,河北省定州市,卢奴,38.4658,115.057,河北省保定市满城区,北平,38.9365,115.229,1,1,0,1,,,
23,25,刘秀,Various Groups,刘秀略定河北,62,河北省保定市满城区,北平,38.9365,115.229,河北省廊坊市安次区,安次,39.3453,116.796,1,1,0,1,,,
23,25,刘秀,Various Groups,刘秀略定河北,62,河北省廊坊市安次区,安次,39.3453,116.796,北京市通州区,平谷,39.80981488,116.7400792,1,1,0,1,,,
24,24,绿林军,王朗,Battle of 钜鹿 (Jv Lu),,,,,,,,,,,,,,,,
24,24,绿林军,王朗,Battle of 邯郸 (Han Dan),,,,,,,,,,,,,,,,
24,24,绿林军,蜀,Battle of 绵竹 (Mian Zhu),,,,,,,,,,,,,,,,
24,24,汉,河北农民军,Battle of 鄡 (Qiao)、馆陶 (Guan Tao)、蒲阳 (Pu Yang),,,,,,,,,,,,,,,,
24,24,汉,河北农民军,Battle of 射犬 (She Quan),,,,,,,,,,,,,,,,
25,25,汉,河北农民军,Battle of 元氏 (Yuan Shi)、北平 (Bei Ping)、安次 (An Ci),,,,,,,,,,,,,,,,
25,25,汉,河北农民军,Battle of 渔阳,,,,,,,,,,,,,,,,
24,26,刘秀,更始帝,进取长安,63,河南省济源市,箕关,35.0939,112.404,山西运城市安邑镇,安邑,35.0389,111.007,1,1,0,1,,,
24,26,刘秀,更始帝,进取长安,63,山西运城市安邑镇,安邑,35.0389,111.007,陕西省渭南市合阳县,夏阳,35.2084,110.191,1,1,0,1,,,
24,26,刘秀,更始帝,进取长安,63,陕西省渭南市合阳县,夏阳,35.2084,110.191,陕西省咸阳市旬邑县,栒邑,35.2168,108.494,1,1,0,1,,,
24,26,刘秀,更始帝,进取长安,63,陕西省咸阳市旬邑县,栒邑,35.2168,108.494,甘肃庆阳市环县马岭镇,北地郡,36.2241,107.655,1,1,0,1,,,
24,26,刘秀,更始帝,进取长安,63,甘肃庆阳市环县马岭镇,北地郡,36.2241,107.655,陕西省咸阳市旬邑县,栒邑,35.2168,108.494,1,1,0,1,,,
24,26,刘秀,更始帝,进取长安,63,陕西省咸阳市旬邑县,栒邑,35.2168,108.494,陕西西安市,长安,34.2777999,108.9530983,1,1,0,1,,,
24,26,刘秀,更始帝,进取长安,63,陕西省咸阳市旬邑县,栒邑,35.2168,108.494,陕西省绥德县,上郡,37.52086133,110.3961438,1,2,0,1,,,
24,26,赤眉,更始帝,竞取长安,64,河南嵩县,陆浑,34.0106,112.05,陕西省灵宝市函谷关镇王垛村,函谷关,34.643,110.928,1,1,0,1,,,
24,26,赤眉,更始帝,竞取长安,64,陕西省灵宝市函谷关镇王垛村,函谷关,34.643,110.928,陕西省华阴市,华阴,34.5327,110.058,1,1,0,1,,,
24,26,赤眉,更始帝,竞取长安,64,陕西省华阴市,华阴,34.5327,110.058,陕西省西安市临潼区,新丰,34.4563,109.31,1,1,0,1,,,
24,26,赤眉,更始帝,竞取长安,64,陕西省西安市临潼区,新丰,34.4563,109.31,陕西西安市,长安,34.2777999,108.9530983,1,1,0,1,,,
25,25,汉,绿林军,Battle of 解县 (Jie Xian)、安邑 (An Yi),,,,,,,,,,,,,,,,
25,25,汉,绿林军,Battle of 衙县 (Ya Xian),,,,,,,,,,,,,,,,
25,25,汉,绿林军,Battle of 洛阳 (Luo Yang),65,河南省孟津县,孟津,34.8311,112.477,山西晋城市,天井关,35.4998,112.867,1,1,0,1,,,
25,25,汉,绿林军,Battle of 洛阳 (Luo Yang),65,山西晋城市,天井关,35.4998,112.867,山西省高平市,高平,35.80974246,112.9351154,1,1,0,1,,,
25,25,汉,绿林军,Battle of 洛阳 (Luo Yang),65,河南省孟津县,孟津,34.8311,112.477,河南省荥阳市汜水镇,成皋,34.8636,113.19,1,2,0,1,,,
25,25,汉,绿林军,Battle of 洛阳 (Luo Yang),65,河南省荥阳市汜水镇,成皋,34.8636,113.19,河南省荥阳市,荥阳,34.80617994,113.3518018,1,2,0,1,,,
25,25,汉,绿林军,Battle of 洛阳 (Luo Yang),65,河南省孟津县,孟津,34.8311,112.477,河南省孟州市,河阳,34.9259,112.77,1,3,0,1,,,
25,25,汉,绿林军,Battle of 洛阳 (Luo Yang),65,河南省孟州市,河阳,34.9259,112.77,河南洛阳市,洛阳,34.65736782,112.4475248,1,3,0,1,,,
25,25,汉,绿林军,Battle of 天井关 (Tian Jing Pass),,,,,,,,,,,,,,,,
26,26,汉,绿林军,Battle of 郾城 (Yan City),,,,,,,,,,,,,,,,
25,25,绿林军,方望,Battle of 临泾 (Lin Jing),,,,,,,,,,,,,,,,
25,25,赤眉军,绿林军,Battle of 泓农 (Hong Nong),,,,,,,,,,,,,,,,
25,25,赤眉军,绿林军,Battle of 高崚 (Gao Ling),,,,,,,,,,,,,,,,
25,25,汉,刘茂,Battle of ??,,,,,,,,,,,,,,,,
26,29,光武,秦丰田戎,光武南征,66,河南省许昌市禹州市,颍川,34.2003,113.393,河南省南阳市方城县,方城,33.3,113.017,1,1,0,1,,,
26,29,光武,秦丰田戎,光武南征,66,河南省南阳市方城县,方城,33.3,113.017,河南省南阳市,南阳,33.0114,112.543,1,1,0,1,,,
26,29,光武,秦丰田戎,光武南征,66,河南省南阳市,南阳,33.0114,112.543,河南省南阳市新野县,新野,32.5534,112.416,1,1,0,1,,,
26,29,光武,秦丰田戎,光武南征,66,河南省南阳市新野县,新野,32.5534,112.416,湖北省襄阳市,山都,31.9397,111.95,1,1,0,1,,,
26,29,光武,秦丰田戎,光武南征,66,湖北省襄阳市,山都,31.9397,111.95,湖北省宜城市,黎丘,31.6733,112.373,1,1,0,1,,,
26,29,光武,秦丰田戎,光武南征,66,湖北省宜城市,黎丘,31.6733,112.373,湖北省宜都市,夷陵,30.2949,111.376,1,1,0,1,,,
26,29,光武,秦丰田戎,光武南征,66,湖北省宜都市,夷陵,30.2949,111.376,湖北省宜昌市秭归县,秭归,30.9033,110.686,1,1,0,1,,,
26,29,光武,秦丰田戎,光武南征,66,河南省南阳市,南阳,33.0114,112.543,河南省邓州市,邓,32.6846,112.057,1,2,0,1,,,
26,29,光武,秦丰田戎,光武南征,66,河南省邓州市,邓,32.6846,112.057,河南省邓州市穰东镇,东阳,32.8344,112.271,1,2,0,1,,,
26,29,光武,秦丰田戎,光武南征,66,河南省邓州市穰东镇,东阳,32.8344,112.271,湖北省老河口市袁冲区,阴县,32.4342,111.766,1,2,0,1,,,
26,29,汉,刘永,平定刘永,67,河南省洛阳市,洛阳,34.6574,112.448,河南省沁阳县,河内,35.1338,112.888,1,1,0,1,,,
26,29,汉,刘永,平定刘永,67,河南省沁阳县,河内,35.1338,112.888,河南省荥阳市汜水镇,敖仓,34.8636,113.19,1,1,0,1,,,
26,29,汉,刘永,平定刘永,67,河南省荥阳市汜水镇,敖仓,34.8636,113.19,河南省新乡市原阳县,酸枣,35.029,113.953,1,1,0,1,,,
26,29,汉,刘永,平定刘永,67,河南省新乡市原阳县,酸枣,35.029,113.953,河南省商丘市睢县,襄邑,34.3998,115.043,1,2,0,1,,,
26,29,汉,刘永,平定刘永,67,河南省商丘市睢县,襄邑,34.3998,115.043,河南省商丘市睢阳区,睢阳,34.2868,115.59,1,2,0,1,,,
26,29,汉,刘永,平定刘永,67,河南省商丘市睢阳区,睢阳,34.2868,115.59,安徽省亳州市,谯,33.8712,115.788,1,2,0,1,,,
26,29,汉,刘永,平定刘永,67,河南省新乡市原阳县,酸枣,35.029,113.953,安徽省宿州市砀山县,麻乡,34.4541,116.42,1,3,0,1,,,
26,29,汉,刘永,平定刘永,67,安徽省宿州市砀山县,麻乡,34.4541,116.42,河南省商丘市睢阳区,睢阳,34.2868,115.59,1,3,0,1,,,
26,29,汉,刘永,平定刘永,67,河南省商丘市睢阳区,睢阳,34.2868,115.59,安徽萧县,萧,34.2085,116.812,1,3,0,1,,,
26,29,汉,刘永,平定刘永,67,安徽萧县,萧,34.2085,116.812,江苏省徐州市,彭城,34.2716,117.188,1,3,0,1,,,
26,29,汉,刘永,平定刘永,67,江苏省徐州市,彭城,34.2716,117.188,山东省临沂市兰陵县,兰陵,34.8626,118.008,1,3,0,1,,,
26,26,汉,刘永,Battle of 淮阳 (Huai Yang),,,,,,,,,,,,,,,,
26,26,汉,刘永,Battle of 沛西 (Pei Xi),,,,,,,,,,,,,,,,
27,27,汉,刘永,Battle of 广乐 (Guang Le),,,,,,,,,,,,,,,,
27,28,汉,刘永,Battle of 淮阳 (Huai Yang),,,,,,,,,,,,,,,,
28,29,汉,刘永,Battle of 垂惠 (Chui Hui),,,,,,,,,,,,,,,,
26,26,彭宠,汉,彭宠反叛,68,北京市密云区,渔阳,40.5173,117.097,河北省唐山市丰润区,右北平,39.7899,118.059,1,1,0,1,,,
26,26,彭宠,汉,彭宠反叛,68,北京市密云区,渔阳,40.5173,117.097,北京市大兴区,蓟,39.6528,116.425,1,2,0,1,,,
26,26,彭宠,汉,彭宠反叛,68,北京市大兴区,蓟,39.6528,116.425,河北省涿州市,涿郡,39.4825,115.999,1,2,0,1,,,
27,27,汉,赤眉军,Battle of 华阴 (Hua Yin),,,,,,,,,,,,,,,,
27,27,汉,赤眉军,Battle of 崤底 (Xiao Di),,,,,,,,,,,,,,,,
28,28,汉,李宪,Battle of 舒县 (Shu Xian),69,江苏省苏州市,会稽,31.318,120.62,安徽省合肥市庐江县,舒城,31.2284,117.336,1,1,0,1,,,
28,28,汉,李宪,Battle of 舒县 (Shu Xian),69,江苏省丹阳市,丹阳,31.9603,119.644,安徽省合肥市庐江县,舒城,31.2284,117.336,1,1,0,1,,,
28,28,汉,李宪,Battle of 舒县 (Shu Xian),69,江西九江市,九江,29.7196,116,安徽省合肥市庐江县,舒城,31.2284,117.336,1,1,0,1,,,
28,28,汉,李宪,Battle of 舒县 (Shu Xian),69,安徽省六安市,六安,31.7556,116.505,安徽省合肥市庐江县,舒城,31.2284,117.336,1,1,0,1,,,
28,29,汉,彭宠,Battle of 渔阳,,,,,,,,,,,,,,,,
29,29,汉,庞萌,Battle of 桃城 (Tao Cheng),,,,,,,,,,,,,,,,
29,29,汉,董宪,平董宪,70,山东省济宁市,任城,35.4021,116.601,山东省泰安市宁阳县,桃乡,35.8336,116.933,1,1,0,1,,,
29,29,汉,董宪,平董宪,70,山东省济宁市,亢父,35.4021,116.601,山东滕州市,建阳,35.0658,117.148,1,2,0,1,,,
29,29,汉,董宪,平董宪,70,山东滕州市,建阳,35.0658,117.148,江苏省连云港市东海县,朐,34.5564,118.792,1,2,0,1,,,
29,29,汉,董宪,Battle of 建阳 (Jian Yang),,,,,,,,,,,,,,,,
29,30,汉,董宪,Battle of 朐县 (Qv Xian),,,,,,,,,,,,,,,,
29,29,汉,张步,平张步,71,山东省济南市章丘区,朝阳,36.7633,117.47,山东省济南市天桥区,钟城,36.7781,116.983,1,1,0,1,,,
29,29,汉,张步,平张步,71,山东济南市长清区,祝阿,36.4286,116.804,山东省济南市天桥区,钟城,36.7781,116.983,1,2,0,1,,,
29,29,汉,张步,平张步,71,山东省济南市天桥区,钟城,36.7781,116.983,山东省济南市历城区,巨里,36.6127,117.191,1,3,0,1,,,
29,29,汉,张步,平张步,71,山东省济南市历城区,巨里,36.6127,117.191,山东省淄博市临淄区,西安,36.8542,118.301,1,3,0,1,,,
29,29,汉,张步,平张步,71,山东省淄博市临淄区,西安,36.8542,118.301,山东省平度市,平寿,36.7886,119.951,1,3,0,1,,,
29,29,汉,张步,Battle of 剧里 (Jv Li),,,,,,,,,,,,,,,,
29,29,汉,张步,Battle of 西安 （Xi An)、临淄 (Lin Zi),,,,,,,,,,,,,,,,
29,29,汉,田戎,Battle of 夷陵 (Yi Ling),,,,,,,,,,,,,,,,
30,30,汉,隗嚣,平隗嚣,72,甘肃省庆阳市宁县,义渠,35.5714,108.114,甘肃省定西市安定区,安定,35.6444,104.638,1,1,0,1,,,
30,30,汉,隗嚣,平隗嚣,72,甘肃省定西市安定区,安定,35.6444,104.638,宁夏固原市,瓦亭,36.0215,106.285,1,1,0,1,,,
30,30,汉,隗嚣,平隗嚣,72,宁夏固原市,瓦亭,36.0215,106.285,甘肃省天水市秦安县,略阳,34.9535,105.698,1,1,0,1,,,
30,30,汉,隗嚣,平隗嚣,72,陕西省咸阳市长武县,阴槃,35.1706,107.835,甘肃省天水市秦安县,略阳,34.9535,105.698,1,2,0,1,,,
30,30,汉,隗嚣,平隗嚣,72,甘肃省天水市秦安县,略阳,34.9535,105.698,陕西省渭南县,上邽,34.5024,109.484,1,2,0,1,,,
30,30,汉,隗嚣,Battle of 陇西 (Long Xi),,,,,,,,,,,,,,,,
30,30,汉,先零羌,Battle of 金城 (Jin City),,,,,,,,,,,,,,,,
31,31,隗嚣,汉,Battle of 安定 (An Ding),,,,,,,,,,,,,,,,
32,32,汉,隗嚣、蜀,Battle of 略阳 (Lue Yang),,,,,,,,,,,,,,,,
34,34,汉,隗嚣,Battle of 落门 (Luo Men),,,,,,,,,,,,,,,,
30,30,汉,卢芳,Battle of ??,,,,,,,,,,,,,,,,
33,33,汉,匈奴、卢芳,Battle of 高柳 (Gao Liu),,,,,,,,,,,,,,,,
34,34,汉,匈奴,Battle of ??,,,,,,,,,,,,,,,,
33,33,匈奴,汉,Battle of ??,,,,,,,,,,,,,,,,
34,34,先零羌,汉,Battle of 金城 (Jin Cheng),,,,,,,,,,,,,,,,
35,35,先零羌,汉,Battle of 临洮 (Lin Tao),,,,,,,,,,,,,,,,
36,36,参狼羌,汉,Battle of 武都 (Wu Du),,,,,,,,,,,,,,,,
36,36,汉,田戎,Battle of 江州 (Jiang Zhou),,,,,,,,,,,,,,,,
35,36,汉,蜀,平公孙述,73,甘肃省陇南市徽县,河池,33.8929,106.033,甘肃省陇南市武都区,武都,33.2939,105.135,1,1,0,1,,,
35,36,汉,蜀,平公孙述,73,甘肃省陇南市武都区,武都,33.2939,105.135,四川省广元市,广元,32.441,105.82,1,1,0,1,,,
35,36,汉,蜀,平公孙述,73,四川省广元市,广元,32.441,105.82,四川省南充市阆中市,阆中,31.6021,106.078,1,1,0,1,,,
35,36,汉,蜀,平公孙述,73,四川省南充市阆中市,阆中,31.6021,106.078,四川省绵阳市涪城区,涪城,31.4357,104.671,1,1,0,1,,,
35,36,汉,蜀,平公孙述,73,四川省绵阳市涪城区,涪城,31.4357,104.671,四川省广汉市,广汉,31.0065,104.298,1,1,0,1,,,
35,36,汉,蜀,平公孙述,73,四川省广汉市,广汉,31.0065,104.298,四川省成都市,成都,30.6799,104.068,1,1,0,1,,,
35,36,汉,蜀,平公孙述,73,湖北省宜昌市,夷陵,30.7328,111.311,四川省奉节县,江关,30.9586,109.356,1,2,0,1,,,
35,36,汉,蜀,平公孙述,73,四川省奉节县,江关,30.9586,109.356,重庆市,江州,29.5446,106.531,1,2,0,1,,,
35,36,汉,蜀,平公孙述,73,重庆市,江州,29.5446,106.531,重庆市合川区,垫江,30.1187,106.318,1,2,0,1,,,
35,36,汉,蜀,平公孙述,73,重庆市合川区,垫江,30.1187,106.318,四川省广安市武胜县,平曲,30.3739,106.231,1,2,0,1,,,
35,36,汉,蜀,平公孙述,73,四川省广安市武胜县,平曲,30.3739,106.231,四川省成都市,成都,30.6799,104.068,1,2,0,1,,,
35,36,汉,蜀,平公孙述,73,重庆市,江州,29.5446,106.531,四川泸州市泸县,黄石,29.1249,105.508,1,3,0,1,,,
35,36,汉,蜀,平公孙述,73,四川泸州市泸县,黄石,29.1249,105.508,四川省眉山市彭山区,武阳,30.2444,103.846,1,3,0,1,,,
35,36,汉,蜀,平公孙述,73,四川省眉山市彭山区,武阳,30.2444,103.846,四川省成都市双流区,广都,30.4502,104.033,1,3,0,1,,,
35,36,汉,蜀,平公孙述,73,四川省成都市双流区,广都,30.4502,104.033,四川省成都市,成都,30.6799,104.068,1,3,0,1,,,
36,36,汉,蜀,Battle of 鱼涪津 (Yu Fu Jin),,,,,,,,,,,,,,,,
36,36,汉,蜀,Battle of 繁 (Fan)、郫 (Pi),,,,,,,,,,,,,,,,
36,36,汉,蜀,Battle of 成都 (Cheng Du),,,,,,,,,,,,,,,,
39,39,匈奴,汉,Battle of 高柳 (Gao Liu),,,,,,,,,,,,,,,,
41,41,李广,汉,Battle of 皖城 (Wan Cheng),,,,,,,,,,,,,,,,
41,41,汉,俚族,Battle of 交趾 (Jiao Zhi),,,,,,,,,,,,,,,,
41,43,汉,俚族,Second Battle of 交趾,,,,,,,,,,,,,,,,
42,42,汉,史歆,Battle of 成都 (Cheng Du),,,,,,,,,,,,,,,,
43,43,汉,单臣,Battle of 原武 (Yuan Wu),,,,,,,,,,,,,,,,
43,43,汉,单臣,Second Battle of 原武,,,,,,,,,,,,,,,,
43,43,汉,西南夷人 (Barbarians from the South West),Battle of 邛都 (Qiong Du),,,,,,,,,,,,,,,,
43,44,汉,西南夷人 (Barbarians from the South West),Battle of 栋蚕 (Dong Can)、不韦 (Bu Wei),,,,,,,,,,,,,,,,
45,45,鲜卑,汉,Battle of 辽东 (Liao Dong),,,,,,,,,,,,,,,,
46,46,乌桓,匈奴,Battle of ??,,,,,,,,,,,,,,,,
47,47,汉,武陵蛮,Battle of 武溪 (WU XI),,,,,,,,,,,,,,,,
48,48,汉,武陵蛮,Battle of ??,,,,,,,,,,,,,,,,
48,49,汉,武陵蛮,Battle of 五溪 (Wu Xi),,,,,,,,,,,,,,,,
56,56,参狼羌,汉,Battle of 武都 (Wu Du)、陇西 (Long Xi),,,,,,,,,,,,,,,,
57,57,烧当羌,汉,Battle of 允街 (Yun Jie),,,,,,,,,,,,,,,,
57,57,汉,烧当羌,Battle of 允吾 (Yun Wu),,,,,,,,,,,,,,,,
57,58,汉,烧当羌,Battle of 浩亹 (Hao Men)、洛都 (Luo Du),,,,,,,,,,,,,,,,
58,58,汉,烧当羌,Battle of 西邯 (Xi Han),,,,,,,,,,,,,,,,
58,58,汉、鲜卑,乌桓,Battle of 赤山,,,,,,,,,,,,,,,,
73,73,汉,匈奴,窦固征北匈奴,74,甘肃省酒泉市,酒泉,39.73287,98.494548,新疆哈密市,伊吾卢,42.81842,93.51515,1,1,0,0,,,
73,73,汉,匈奴,窦固征北匈奴,74,新疆哈密市,伊吾卢,42.81842,93.51515,哈萨克斯坦巴尔喀什湖,蒲类海,45.845957,74.77705,1,1,0,0,,,
73,73,汉,匈奴,窦固征北匈奴,74,内蒙古额济纳旗,居延塞,41.958541,101.068933,未知,涿邪山,45.759855,106.271118,1,2,0,0,,,
73,73,汉,匈奴,窦固征北匈奴,74,内蒙古包头市九原区麻池鎮,五原,40.580291,109.829712,蒙古翁金河,匈河水,45.20378,100.76643,1,3,0,0,,,
73,73,汉,匈奴,窦固征北匈奴,74,内蒙古和林格尔县,定襄,40.378787,111.821843,蒙古翁金河,匈河水,45.20378,100.76643,1,4,0,0,,,
73,73,汉,西域各国,班超征西域,75,新疆哈密市,伊吾卢,42.81842,93.51515,新疆维吾尔自治区巴音郭楞蒙古自治州若羌县,鄯善,39.023241,88.167152,1,1,0,0,,,
73,73,汉,西域各国,班超征西域,75,新疆维吾尔自治区巴音郭楞蒙古自治州若羌县,鄯善,39.023241,88.167152,新疆维吾尔自治区焉耆回族自治县,焉耆,42.059759,86.574067,1,1,0,0,,,
73,73,汉,西域各国,班超征西域,75,新疆维吾尔自治区焉耆回族自治县,焉耆,42.059759,86.574067,新疆维吾尔自治区巴音郭楞蒙古自治州且末县,且末,38.145485,85.529702,1,1,0,0,,,
73,73,汉,西域各国,班超征西域,75,新疆维吾尔自治区巴音郭楞蒙古自治州且末县,且末,38.145485,85.529702,新疆维吾尔自治区和田县巴格其镇,于阗,37.140848,79.835641,1,1,0,0,,,
73,73,汉,西域各国,班超征西域,75,新疆维吾尔自治区和田县巴格其镇,于阗,37.140848,79.835641,新疆维吾尔自治区皮山县,皮山,37.62145,78.283669,1,1,0,0,,,
73,73,汉,西域各国,班超征西域,75,新疆维吾尔自治区皮山县,皮山,37.62145,78.283669,新疆维吾尔自治区莎车县,莎车,38.414217,77.245761,1,1,0,0,,,
73,73,汉,西域各国,班超征西域,75,新疆维吾尔自治区莎车县,莎车,38.414217,77.245761,新疆维吾尔自治区疏勒县,疏勒,39.401385,76.048139,1,1,0,0,,,
73,73,汉,西域各国,班超征西域,75,新疆维吾尔自治区疏勒县,疏勒,39.401385,76.048139,新疆维吾尔自治区莎车县,莎车,38.414217,77.245761,1,1,0,0,,,
73,73,汉,西域各国,班超征西域,75,新疆维吾尔自治区莎车县,莎车,38.414217,77.245761,新疆维吾尔自治区库车县,温宿,41.717906,82.962016,1,1,0,0,,,
73,73,汉,西域各国,班超征西域,75,新疆维吾尔自治区库车县,温宿,41.717906,82.962016,新疆维吾尔自治区温宿县,龟兹,41.276688,80.238959,1,1,0,0,,,
73,73,汉,西域各国,班超征西域,75,新疆维吾尔自治区温宿县,龟兹,41.276688,80.238959,新疆维吾尔自治区焉耆回族自治县,焉耆,42.059759,86.574067,1,1,0,0,,,
73,73,汉,匈奴,Battle of 天山 (Tian Shan),,,,,,,,,,,,,,,,
73,73,北匈奴,汉,Battle of 云中 (Yun Zhong),,,,,,,,,,,,,,,,
74,74,汉,车师,Battle of 蒲雷海 (Pu Lei Hai),,,,,,,,,,,,,,,,
74,74,汉,车师,Battle of 车师 (Che Shi),,,,,,,,,,,,,,,,
75,75,北匈奴,车师、汉,Battle of 金蒲城 (Jin Pu Cheng),,,,,,,,,,,,,,,,
75,76,北匈奴、车师,汉,Battle of 交河城 (Jiao He Cheng),,,,,,,,,,,,,,,,
77,77,羌,汉,Battle of 金城 (Jin Cheng),,,,,,,,,,,,,,,,
77,77,汉,羌,Battle of 临洮 (Lin Tao),,,,,,,,,,,,,,,,
78,78,汉,羌,Battle of 望曲谷 (Wang Qv Gu),,,,,,,,,,,,,,,,
77,77,夷哀牢王,汉,Battle of 博南 (Bo Nan),,,,,,,,,,,,,,,,
78,78,汉,姑墨,Battle of 石城 (Mo Shi City),,,,,,,,,,,,,,,,
78,78,武陵蛮,汉,Battle of ??,,,,,,,,,,,,,,,,
80,80,汉,疏勒,Battle of 疏勒 (Shu Le),,,,,,,,,,,,,,,,
84,86,汉、疏勒 (Shu Le)、于窦 (Yu Dou),莎车,Second Battle of 疏勒 (Shu Le),,,,,,,,,,,,,,,,
87,87,汉、于窦,莎车、龟兹、姑墨、尉头 (Wei Tou),Battle of 莎车,,,,,,,,,,,,,,,,
87,87,汉,羌,Battle of 三兜谷 (San Dou Gu),,,,,,,,,,,,,,,,
87,87,羌,汉,Battle of 应城 (Ying Cheng),,,,,,,,,,,,,,,,
87,87,羌,汉,Battle of 陇西 (Long Xi),,,,,,,,,,,,,,,,
87,88,羌,小月氏胡、汉,Battle of 写谷 (Xie Valley),,,,,,,,,,,,,,,,
88,88,汉、羌 (Allied tribes)、秦、胡,羌,"Battle of 大小榆谷 (Big Yu Valley, Small Yu Valley)",,,,,,,,,,,,,,,,
89,89,羌,汉,Second Battle of 大小榆谷,,,,,,,,,,,,,,,,
89,89,汉、南匈奴,北匈奴,Battle of 稽落山 （Ji Luo Mountain),76,内蒙古自治区巴彦淖尔市临河区北狼山镇,鸡鹿塞,41.042908,107.45284,未知,涿邪山,45.759855,106.271118,1,1,0,0,,,
89,89,汉、南匈奴,北匈奴,Battle of 稽落山 （Ji Luo Mountain),76,内蒙古自治区包头市固阳县,固阳塞,41.034105,110.060514,未知,涿邪山,45.759855,106.271118,1,2,0,0,,,
89,89,汉、南匈奴,北匈奴,Battle of 稽落山 （Ji Luo Mountain),76,内蒙古自治区包头市固阳县,满夷谷,41.034105,110.060514,未知,涿邪山,45.759855,106.271118,1,3,0,0,,,
89,89,汉、南匈奴,北匈奴,Battle of 稽落山 （Ji Luo Mountain),76,未知,涿邪山,45.759855,106.271118,未知,北海,51.715159,105.868692,1,4,0,0,,,
89,89,汉、南匈奴,北匈奴,Battle of 私渠 (Si Qv),,,,,,,,,,,,,,,,
90,90,汉,北匈奴,Battle of 伊吾 (Yi Wu),77,甘肃省酒泉市,酒泉,39.73287,98.494548,新疆哈密市,伊吾卢,42.81842,93.51515,1,1,0,0,,,
91,91,汉,北匈奴,Battle of 金徽山 (Jin Hui Mountain),78,内蒙古额济纳旗,居延塞,41.958541,101.068933,未知,金微山,47.823831,88.186765,1,1,0,0,,,
90,90,月氏,汉,Battle of ??,,,,,,,,,,,,,,,,
92,92,武陵蛮,汉,Battle of ??,,,,,,,,,,,,,,,,
94,94,武陵蛮,汉,Battle of ??,,,,,,,,,,,,,,,,
93,93,羌,汉,"Battle of 金城 (Jin Cheng)、大小榆谷 (Big Yu Valley, Small Yu Valley)",,,,,,,,,,,,,,,,
93,93,汉,北匈奴,Battle of 伊吾 (Yi Wu),,,,,,,,,,,,,,,,
94,94,汉,焉耆,Battle of 焉耆城 (Yan Qi City）,,,,,,,,,,,,,,,,
94,94,北匈奴,汉,Battle of 大城塞 (Da Cheng Sai)、满夷谷 (Man Yi Valley),,,,,,,,,,,,,,,,
96,96,汉,匈奴,Battle of ??,,,,,,,,,,,,,,,,
96,96,汉,车师,Battle of ??,,,,,,,,,,,,,,,,
96,96,汉 and its allied 羌 tribes,羌 under 迷唐,Battle of ??,,,,,,,,,,,,,,,,
97,97,羌 under 迷唐,汉,Battle of 陇西 (Long Xi),,,,,,,,,,,,,,,,
97,97,汉 and its allied 羌 tribes,羌 under 迷唐,Battle of 高山 (Gao Shan),,,,,,,,,,,,,,,,
97,97,鲜卑,汉,Battle of 肥如 (Fei Ru),,,,,,,,,,,,,,,,
100,100,日南蛮,汉,Battle of 象林 (Xiang Lin),,,,,,,,,,,,,,,,
101,101,羌 under 迷唐,汉 and allied 羌 tribes,Battle of 允川 (Yun Chuan),,,,,,,,,,,,,,,,
101,101,鲜卑,汉,Battle of 渔阳 (Yu Yang),,,,,,,,,,,,,,,,
101,101,南郡巫蛮,汉,Battle of 南郡 (Nan Jun),,,,,,,,,,,,,,,,
102,102,羌,汉,Battle of 安定 (An Ding),,,,,,,,,,,,,,,,
105,105,高句丽,汉,Battle of 辽东 (Liao Dong),,,,,,,,,,,,,,,,
106,106,鲜卑,汉,Battle of 渔阳 (Yu Yang),,,,,,,,,,,,,,,,
106,106,“西域诸国”,汉,Battle of 疏勒 (Shu Le),,,,,,,,,,,,,,,,
106,106,龟兹、温宿 (Wen Su)、姑墨 (Gu Mo),汉,Battle of 它乾城 (Ta Qian Cheng),,,,,,,,,,,,,,,,
108,108,羌,汉,Battle of 汉阳 (Han Yang),,,,,,,,,,,,,,,,
108,108,汉,羌,Battle of 张掖 (Zhang Ye),,,,,,,,,,,,,,,,
108,108,汉,羌,Battle of 平襄 (Ping Xiang),,,,,,,,,,,,,,,,
108,108,羌,汉,Battle of 三辅 (San Fu)、汉中(Han Zhong),,,,,,,,,,,,,,,,
108,108,汉,羌,Battle of 武功 (Wu Gong)、羡阳 (Xian Yang),,,,,,,,,,,,,,,,
108,108,汉,羌,Battle of 破羌 (Po Qiang)、临洮 (Lin Tao)、陇西 (Long Xi),,,,,,,,,,,,,,,,
110,110,羌,汉,Battle of 褒中 (Bao Zhong),,,,,,,,,,,,,,,,
111,111,羌,汉,Battle of 羊头山 (Yang Tou Mountain),,,,,,,,,,,,,,,,
113,113,羌,汉,Battle of 安定 (An Ding),,,,,,,,,,,,,,,,
114,114,羌,汉,Battle of 雍城 (Yong Cheng),,,,,,,,,,,,,,,,
114,114,羌,汉,Battle of 武都 (Wu Du)、汉中 (Han Zhong),,,,,,,,,,,,,,,,
114,114,羌,汉,Battle of 枹罕 (Bao Han),,,,,,,,,,,,,,,,
114,114,羌,汉,Battle of 狄道 (Di Dao),,,,,,,,,,,,,,,,
115,115,羌,汉,Battle of 武都 (Wu Du),,,,,,,,,,,,,,,,
115,115,汉,羌,Battle of 勇士 (Yong Shi)、溪城 (Xi Cheng),,,,,,,,,,,,,,,,
116,116,汉,羌,Battle of 丁奚 (Ding Xi)、北地 (Bei Di),,,,,,,,,,,,,,,,
116,116,汉,羌,Battle of 灵州 (Ling Zhou),,,,,,,,,,,,,,,,
117,117,汉,羌,Battle of 北地 (Bei Di),,,,,,,,,,,,,,,,
120,120,羌,汉,Battle of 张掖 (Zhang Ye)、金城 (Jin Cheng),,,,,,,,,,,,,,,,
120,120,汉,羌,Battle of 牧宛 (Mu Wan)、令居 (ling Jv),,,,,,,,,,,,,,,,
121,122,汉,羌,Battle of 湟中 (Huang Zhong),,,,,,,,,,,,,,,,
122,122,羌,汉,Battle of ？？,,,,,,,,,,,,,,,,
109,109,张伯路,汉,Battle of 沿海 (Yan Hai),,,,,,,,,,,,,,,,
110,110,张伯路,汉,Battle of 厌次 (Yan Ci)、高唐 (Gao Tang),,,,,,,,,,,,,,,,
111,111,张伯路,汉,Battle of 东莱 (Dong Lai),,,,,,,,,,,,,,,,
111,111,汉,张伯路,Battle of 辽东 (Liao Dong),,,,,,,,,,,,,,,,
109,109,乌桓、鲜卑、匈奴,汉,Battle of 高渠谷 (Gao Qv Gu),,,,,,,,,,,,,,,,
109,109,汉、鲜卑,匈奴,Battle of 美稷 (Mei Ji),,,,,,,,,,,,,,,,
110,110,匈奴,汉,Second Battle of 美稷 (Mei Ji),,,,,,,,,,,,,,,,
110,110,汉,匈奴,Battle of 虎泽 (Hu Ze),,,,,,,,,,,,,,,,
110,110,南匈奴,汉,Battle of 常山 (Chang Shan),,,,,,,,,,,,,,,,
111,111,杜琦、杜季贡,汉,Battle of 上邽 (Shang Gui),,,,,,,,,,,,,,,,
112,112,杜琦、杜季贡,汉,Battle of 丁奚 (Ding Xi),,,,,,,,,,,,,,,,
114,114,蜀郡夷,汉,Battle of 蚕陵 (Can Ling),,,,,,,,,,,,,,,,
116,116,武陵蛮,汉,Battle of ??,,,,,,,,,,,,,,,,
116,116,杨孙、陈汤,汉,Battle of ??,,,,,,,,,,,,,,,,
117,117,封离夷,汉,Battle of 永昌 (Yong Chang),,,,,,,,,,,,,,,,
119,119,汉,封离夷,Battle of 楪榆 (Die Yu),,,,,,,,,,,,,,,,
120,120,车师,汉,Battle of 伊吾 (Yi Wu),,,,,,,,,,,,,,,,
117,117,鲜卑,汉、乌桓,Battle of ？？,,,,,,,,,,,,,,,,
118,118,鲜卑,汉,Battle of 上谷 (Shang Gu)、居庸关 (Jv Yong Pass),,,,,,,,,,,,,,,,
121,121,鲜卑,汉,Battle of 居庸关 (Jv Yong Pass)、云中 (Yun Zhong),,,,,,,,,,,,,,,,
122,122,鲜卑,汉,Battle of 雁门 (Yan Men)、定襄 (Ding Xiang)、太原 (Tai Yuan),,,,,,,,,,,,,,,,
124,124,鲜卑,汉,Battle of 玄菟 (Xuan Tu),,,,,,,,,,,,,,,,
126,126,鲜卑,汉,Battle of 代郡 (Dai Jun),,,,,,,,,,,,,,,,
127,127,汉、南匈奴、乌桓,鲜卑,Battle of 辽东 (Liao Dong),,,,,,,,,,,,,,,,
128,128,鲜卑,汉,Battle of 渔阳 (Yu Yang),,,,,,,,,,,,,,,,
129,129,鲜卑,汉,Battle of 朔方 (Shuo Fang),,,,,,,,,,,,,,,,
131,131,汉,鲜卑,Battle of ??,,,,,,,,,,,,,,,,
132,132,汉、乌桓,,Battle of ??,,,,,,,,,,,,,,,,
133,133,汉,鲜卑,Battle of ??,,,,,,,,,,,,,,,,
133,133,鲜卑,汉,Battle of 马城 (Ma Cheng),,,,,,,,,,,,,,,,
124,124,汉 and allies,北匈奴、车师,Battle of 柳中 (Liu Zhong),,,,,,,,,,,,,,,,
125,125,汉、鄯善、疏勒、车师前王,车师后王、匈奴,Battle of ??,,,,,,,,,,,,,,,,
126,126,汉 and 诸国兵,北匈奴,Battle of ??,,,,,,,,,,,,,,,,
124,124,南匈奴 (Nan Xiongnu),汉,Battle of ？？,,,,,,,,,,,,,,,,
126,126,羌,汉,Battle of 临洮 (Lin Tao),,,,,,,,,,,,,,,,
132,132,曾旌,汉,Battle of 会稽 (Hui Ji),,,,,,,,,,,,,,,,
132,132,章河,汉,Battle of 扬州 (Yang Zhou),,,,,,,,,,,,,,,,
134,135,羌,汉,Battle of 陇西 (Long Xi)、汉阳 (Han Yang),,,,,,,,,,,,,,,,
135,135,乌桓,汉,Battle of 云中 (Yun Zhong)、兰池 (Lan Chi),,,,,,,,,,,,,,,,
137,137,武陵蛮,汉,Battle of 充城 (Chong Cheng) and 夷道 (Yi Dao),,,,,,,,,,,,,,,,
137,137,汉,区怜,Battle of 交趾 (Jiao Zhi) 、九真 (Jiu Zhen),,,,,,,,,,,,,,,,
138,138,汉,区怜,Battle of ??,,,,,,,,,,,,,,,,
138,138,羌,汉,Battle of 金城 (Jin Cheng),,,,,,,,,,,,,,,,
139,139,羌,汉,Battle of ??,,,,,,,,,,,,,,,,
138,138,蔡伯流,汉,Battle of 广陵,,,,,,,,,,,,,,,,
138,138,羊珍,汉,Battle of 吴郡 (Wu Jun),,,,,,,,,,,,,,,,
140,140,南匈奴,汉、羌、胡,Battle of 美稷 (Mei Ji)、马邑 (Ma Yi),,,,,,,,,,,,,,,,
140,140,南匈奴、乌桓、羌、胡,汉,Battle of 马邑 (Ma Yi),,,,,,,,,,,,,,,,
140,141,羌,汉,Battle of 金城 (Jin Cheng) and 射姑山 (She Gu Mountain),,,,,,,,,,,,,,,,
141,141,羌,汉,Battle of 陇西 (Long Xi)、北地 (Bei Di)、武威 (Wu Wei),,,,,,,,,,,,,,,,
141,141,汉,乌桓,Battle of 通天山 (Tong Tian Mountain),,,,,,,,,,,,,,,,
142,142,南匈奴,汉,Battle of 并州 (Bing Zhou),,,,,,,,,,,,,,,,
144,144,汉,南匈奴,Battle of ??,,,,,,,,,,,,,,,,
145,145,张婴,汉,Battle of 广陵 (Guang Ling),,,,,,,,,,,,,,,,
143,143,汉,羌,Battle of 参疖 (Can Jie),,,,,,,,,,,,,,,,
143,143,汉,羌,Battle of 阿阳 (A Yang),,,,,,,,,,,,,,,,
144,144,马玄,汉,Battle of 鹯阴河,,,,,,,,,,,,,,,,
144,144,汉,九江农民,Battle of 厉阴 (Li Yin),,,,,,,,,,,,,,,,
144,144,九江农民,汉,Battle of 合肥 (He Fei),,,,,,,,,,,,,,,,
145,145,汉,九江农民,Battle of ??,,,,,,,,,,,,,,,,
145,145,汉,九江农民,Battle of 东城 (Dong Cheng),,,,,,,,,,,,,,,,
145,145,华孟,汉,Battle of 九江 (Jiu Jiang),,,,,,,,,,,,,,,,
145,145,汉,华孟,Battle of ??,,,,,,,,,,,,,,,,
151,151,北匈奴,汉,Battle of 伊吾 (Yi Wu),,,,,,,,,,,,,,,,
155,155,南匈奴、羌,汉,Battle of 美稷 （Mei Ji),,,,,,,,,,,,,,,,
155,155,汉、羌,南匈奴,Battle of ??,,,,,,,,,,,,,,,,
158,158,南匈奴、乌桓、鲜卑,汉,Battle of ??,,,,,,,,,,,,,,,,
156,156,公孙举、东郭窦,汉,Battle of ??,,,,,,,,,,,,,,,,
156,156,鲜卑,汉,Battle of 云中 (Yun Zhong),,,,,,,,,,,,,,,,
156,156,鲜卑,汉,Battle of 辽东 (Liao Dong),,,,,,,,,,,,,,,,
159,159,鲜卑,汉,Battle of 雁门 (Yan Men)、辽东 (Liao Dong),,,,,,,,,,,,,,,,
157,157,朱达,汉,Battle of 九真 (Jiu Zhen),,,,,,,,,,,,,,,,
157,157,长沙蛮,汉,Battle of 益阳 (Yi Yang),,,,,,,,,,,,,,,,
159,159,蜀郡夷,汉,Battle of 蚕陵 (Can Ling),,,,,,,,,,,,,,,,
159,159,羌,汉,Battle of 金城 (Jin Cheng)、罗城 (Luo Cheng),,,,,,,,,,,,,,,,
160,160,羌,汉,Battle of 张掖 (Zhang Ye),,,,,,,,,,,,,,,,
160,160,汉,羌,Battle of 积石山 (Ji Shi Mountain),,,,,,,,,,,,,,,,
161,161,羌,汉,Battle of 允街 (Yun Jie),,,,,,,,,,,,,,,,
160,160,泰山农民,汉,Battle of ？？,,,,,,,,,,,,,,,,
160,160,泰山农民,汉,Battle of ??,,,,,,,,,,,,,,,,
160,160,长沙、零陵蛮,汉,Battle of 益阳 (Yi Yang)、长沙 (Chang Sha),,,,,,,,,,,,,,,,
162,162,武陵蛮,汉,Battle of 江陵 (Jiang Ling),,,,,,,,,,,,,,,,
162,162,长沙、零陵蛮,汉,Battle of 桂阳 (Gui Yang)、苍梧 (Cang Wu),,,,,,,,,,,,,,,,
??,167,汉,长沙、零陵蛮,Battle of ??,,,,,,,,,,,,,,,,
161,161,犍为属国,汉,Battle of ??,,,,,,,,,,,,,,,,
162,162,李研,汉,Battle of 桂阳 (Gui Yang),,,,,,,,,,,,,,,,
163,163,鲜卑,汉,Battle of 辽东 (Liao Dong),,,,,,,,,,,,,,,,
165,165,朱盖、胡兰,汉,Battle of 桂阳 (Gui Yang),,,,,,,,,,,,,,,,
165,165,朱盖、胡兰,汉,Battle of 零陵 (Ling Ling),,,,,,,,,,,,,,,,
165,165,汉,朱盖、胡兰,Battle of 苍梧 (Cang Wu),,,,,,,,,,,,,,,,
164,164,羌,汉,Battle of ??,,,,,,,,,,,,,,,,
164,164,汉,羌,Battle of 湟中 (Huang Zhong),,,,,,,,,,,,,,,,
167,167,羌,汉,Battle of ??,,,,,,,,,,,,,,,,
167,167,羌,汉,Battle of 三辅 (San Fu),,,,,,,,,,,,,,,,
167,167,羌,汉,Second Battle of 三辅 (San Fu),,,,,,,,,,,,,,,,
168,168,汉,羌,Battle of 义山 (Yi Shan),,,,,,,,,,,,,,,,
169,169,汉,羌,Battle of 凡亭山 (Fan Ting Mountai)、射虎谷 (She Hu Valley),,,,,,,,,,,,,,,,
168,168,鲜卑,汉,Battle of 幽州 (You Zhou)、并州 (Bing Zhou),,,,,,,,,,,,,,,,
171,171,鲜卑,汉,Battle of 幽州 (You Zhou)、并州 (Bing Zhou),,,,,,,,,,,,,,,,
172,172,鲜卑,汉,Battle of 并州 (Bing Zhou),,,,,,,,,,,,,,,,
173,173,鲜卑,汉,Battle of 幽州 (You Zhou)、并州 (Bing Zhou),,,,,,,,,,,,,,,,
174,174,鲜卑,汉,Battle of 北地 (Bei Di),,,,,,,,,,,,,,,,
174,174,鲜卑,汉,Battle of 并州 (Bing Zhou),,,,,,,,,,,,,,,,
175,175,鲜卑,汉,Battle of 幽州 (You Zhou),,,,,,,,,,,,,,,,
176,176,鲜卑,汉,Battle of 幽州 (You Zhou),,,,,,,,,,,,,,,,
177,177,汉,鲜卑,Battle of ??,,,,,,,,,,,,,,,,
177,177,鲜卑,汉,Battle of 柳城 (Liu Cheng),,,,,,,,,,,,,,,,
178,178,鲜卑,汉,Battle of 酒泉 (Jiu Quan),,,,,,,,,,,,,,,,
179,179,鲜卑,汉,Battle of 幽州 (You Zhou)、并州 (Bing Zhou),,,,,,,,,,,,,,,,
180,180,鲜卑,汉,Battle of 幽州 (You Zhou)、并州 (Bing Zhou),,,,,,,,,,,,,,,,
181,181,鲜卑,汉,Battle of 幽州 (You Zhou)、并州 (Bing Zhou),,,,,,,,,,,,,,,,
170,170,汉、焉耆、龟兹、车师,疏勒,Battle of 桢中 (Zhen Zhong),,,,,,,,,,,,,,,,
172,172,许生,汉,Battle of 句章 (Ju Zhang),,,,,,,,,,,,,,,,
174,174,汉,许生,Battle of 会稽 (Hui Ji),,,,,,,,,,,,,,,,
175,175,汉,拘弥,Battle of 拘弥 (Ju Mi),,,,,,,,,,,,,,,,
176,176,益州夷,汉,Battle of 益州 (Yi Zhou),,,,,,,,,,,,,,,,
178,178,乌浒蛮,汉,Battle of ??,,,,,,,,,,,,,,,,
179,179,巴郡板楯蛮,汉,Battle of ??,,,,,,,,,,,,,,,,
180,180,苍梧、桂阳农民,汉,Battle of ??,,,,,,,,,,,,,,,,
180,??,黄穰,汉,Battle of ??,,,,,,,,,,,,,,,,
181,181,梁龙,汉,Battle of ??,,,,,,,,,,,,,,,,
184,184,汉,黄巾军,Battle of 颍川 (Ying Chuan),,,,,,,,,,,,,,,,
184,184,汉,黄巾军,Battle of 南阳 (Nan Yang),,,,,,,,,,,,,,,,
184,184,汉,黄巾军,Battle of 广宗 (Guang Zong),,,,,,,,,,,,,,,,
184,184,汉,黄巾军,Battle of 下曲阳 (Lower Qu Yang),,,,,,,,,,,,,,,,
191,191,汉,黄巾军,Battle of 东光 (Dong Guang),,,,,,,,,,,,,,,,
192,192,汉,黄巾军,Battle of 寿张 (Shou Zhang),,,,,,,,,,,,,,,,
184,184,张修,汉,Battle of 巴郡 (Ba Jun),,,,,,,,,,,,,,,,
185,185,黑山军,汉,Battle of 瘿陶 (Ying Tao),,,,,,,,,,,,,,,,
191,191,汉,黑山军,Battle of 濮阳 (Pu Yang),,,,,,,,,,,,,,,,
192,192,汉,黑山军,Second Battle of 濮阳 (Pu Yang),,,,,,,,,,,,,,,,
193,193,汉,黑山军,Battle of 鹿肠山 (Lu Chang Mountain),,,,,,,,,,,,,,,,
185,185,汉,羌、枹罕、河关、边章、韩遂,Battle of 美阳 (Mei Yang),,,,,,,,,,,,,,,,
185,185,汉,边章,Battle of 榆中 (Yu Zhong),,,,,,,,,,,,,,,,
185,185,汉,边章,Second Battle of 榆中 (Yu Zhong),,,,,,,,,,,,,,,,
186,186,赵慈,汉,Battle of 南阳 (Nan Yang),,,,,,,,,,,,,,,,
186,186,武陵蛮,汉,Battle of ??,,,,,,,,,,,,,,,,
186,186,鲜卑,汉,Battle of ??,,,,,,,,,,,,,,,,
187,187,韩遂,汉,Battle of 陇西 (Long Xi),,,,,,,,,,,,,,,,
187,187,韩遂,汉,Battle of 汉阳 (Han Yang),,,,,,,,,,,,,,,,
187,187,张举、乌桓,汉,Battle of 肥如 (Fei Ru),,,,,,,,,,,,,,,,
188,188,汉 （公孙瓒）,张举、乌桓,Battle of 石门 (Shi Men),,,,,,,,,,,,,,,,
188,188,汉 （公孙瓒）,张举、乌桓,Battle of 管子城 (Guan Zi Cheng),,,,,,,,,,,,,,,,
187,187,区星,汉,Battle of ??,,,,,,,,,,,,,,,,
187,187,王国,汉,Battle of 三辅 (San Fu),,,,,,,,,,,,,,,,
188,189,王国,汉,Battle of 陈仓  (Chen Cang),,,,,,,,,,,,,,,,
188,188,屠各胡,汉,Battle of 并州 (Bing Zhou),,,,,,,,,,,,,,,,
188,188,马相、赵祗,汉,Battle of 绵竹 (Mian Zhu),,,,,,,,,,,,,,,,
188,188,汉,马相、赵祗,Battle of ??,,,,,,,,,,,,,,,,
188,188,白波军,汉,Battle of 河东 (He Dong),,,,,,,,,,,,,,,,
189,189,白波军,汉,Second Battle of 河东 (He Dong),,,,,,,,,,,,,,,,
